name,crossings,alexander_polynomial,matched_name
19nh_211293478,19,"{0: 1, 1: -3, 2: 5, 3: -3, 4: 1}",6_3
19nh_211308297,19,"{0: 2, 1: -5, 2: 2}",6_1
19nh_211343941,19,"{0: 1, 1: -3, 2: 5, 3: -3, 4: 1}",6_3
19nh_211362805,19,"{0: 1, 1: -1, 2: 1, 3: -1, 4: 1}",5_1
19nh_211428059,19,"{0: 2, 1: -5, 2: 2}",6_1
19nh_211428058,19,"{0: 2, 1: -5, 2: 2}",6_1
19nh_211443402,19,"{0: 1, 1: -3, 2: 5, 3: -3, 4: 1}",6_3
19nh_211492177,19,"{0: 2, 1: -5, 2: 2}",6_1
19nh_211492475,19,"{0: 1, 1: -3, 2: 5, 3: -3, 4: 1}",6_3
19nh_211508107,19,"{0: 1, 1: -3, 2: 3, 3: -3, 4: 1}",6_2
19nh_211615990,19,"{0: 2, 1: -5, 2: 2}",6_1
19nh_211615989,19,"{0: 2, 1: -5, 2: 2}",6_1
19nh_211615992,19,"{0: 2, 1: -5, 2: 2}",6_1
19nh_211615991,19,"{0: 2, 1: -5, 2: 2}",6_1
19nh_211656923,19,"{0: 1, 1: -3, 2: 5, 3: -3, 4: 1}",6_3
19nh_211657207,19,"{0: 1, 1: -3, 2: 5, 3: -3, 4: 1}",6_3
19nh_211657208,19,"{0: 1, 1: -3, 2: 5, 3: -3, 4: 1}",6_3
19nh_211681181,19,"{0: 1, 1: -1, 2: 1, 3: -1, 4: 1}",5_1
19nh_211731698,19,"{0: 1, 1: -3, 2: 3, 3: -3, 4: 1}",6_2
19nh_211740823,19,"{0: 2, 1: -5, 2: 2}",6_1
19nh_211740824,19,"{0: 2, 1: -5, 2: 2}",6_1
19nh_211798617,19,"{0: 1, 1: -1, 2: 1, 3: -1, 4: 1}",5_1
19nh_211805732,19,"{0: 2, 1: -5, 2: 2}",6_1
19nh_211805733,19,"{0: 2, 1: -5, 2: 2}",6_1
19nh_211807752,19,"{0: 1, 1: -3, 2: 5, 3: -3, 4: 1}",6_3
19nh_211807753,19,"{0: 1, 1: -3, 2: 5, 3: -3, 4: 1}",6_3
19nh_211859151,19,"{0: 2, 1: -5, 2: 2}",6_1
19nh_211864807,19,"{0: 1, 1: -3, 2: 5, 3: -3, 4: 1}",6_3
19nh_211871731,19,"{0: 1, 1: -3, 2: 5, 3: -3, 4: 1}",6_3
19nh_211879450,19,"{0: 1, 1: -3, 2: 3, 3: -3, 4: 1}",6_2
19nh_211919954,19,"{0: 2, 1: -5, 2: 2}",6_1
19nh_211972704,19,"{0: 1, 1: -3, 2: 5, 3: -3, 4: 1}",6_3
19nh_211983620,19,"{0: 1, 1: -3, 2: 3, 3: -3, 4: 1}",6_2
19nh_212045521,19,"{0: 2, 1: -5, 2: 2}",6_1
19nh_212045522,19,"{0: 2, 1: -5, 2: 2}",6_1
19nh_212058084,19,"{0: 1, 1: -3, 2: 5, 3: -3, 4: 1}",6_3
19nh_212072436,19,"{0: 1, 1: -3, 2: 3, 3: -3, 4: 1}",6_2
19nh_212126377,19,"{0: 1, 1: -3, 2: 3, 3: -3, 4: 1}",6_2
19nh_212126378,19,"{0: 1, 1: -3, 2: 3, 3: -3, 4: 1}",6_2
19nh_212126379,19,"{0: 1, 1: -3, 2: 3, 3: -3, 4: 1}",6_2
19nh_212126376,19,"{0: 1, 1: -3, 2: 3, 3: -3, 4: 1}",6_2
19nh_212135908,19,"{0: 2, 1: -5, 2: 2}",6_1
19nh_212135909,19,"{0: 2, 1: -5, 2: 2}",6_1
19nh_212137069,19,"{0: 1, 1: -3, 2: 5, 3: -3, 4: 1}",6_3
19nh_212199255,19,"{0: 1, 1: -3, 2: 3, 3: -3, 4: 1}",6_2
19nh_212242536,19,"{0: 2, 1: -5, 2: 2}",6_1
19nh_212300885,19,"{0: 1, 1: -3, 2: 5, 3: -3, 4: 1}",6_3
19nh_212318368,19,"{0: 1, 1: -3, 2: 3, 3: -3, 4: 1}",6_2
19nh_212322913,19,"{0: 1, 1: -3, 2: 5, 3: -3, 4: 1}",6_3
19nh_212323692,19,"{0: 2, 1: -5, 2: 2}",6_1
19nh_212323693,19,"{0: 2, 1: -5, 2: 2}",6_1
19nh_212337630,19,"{0: 1, 1: -3, 2: 3, 3: -3, 4: 1}",6_2
19nh_212361215,19,"{0: 1, 1: -3, 2: 5, 3: -3, 4: 1}",6_3
19nh_212381466,19,"{0: 1, 1: -1, 2: 1, 3: -1, 4: 1}",5_1
19nh_212381467,19,"{0: 1, 1: -1, 2: 1, 3: -1, 4: 1}",5_1
19nh_212381791,19,"{0: 1, 1: -3, 2: 5, 3: -3, 4: 1}",6_3
19nh_212387467,19,"{0: 2, 1: -5, 2: 2}",6_1
19nh_212389030,19,"{0: 2, 1: -5, 2: 2}",6_1
19nh_212418230,19,"{0: 1, 1: -1, 2: 1, 3: -1, 4: 1}",5_1
19nh_212478083,19,"{0: 2, 1: -5, 2: 2}",6_1
19nh_212537284,19,"{0: 2, 1: -5, 2: 2}",6_1
19nh_212537285,19,"{0: 2, 1: -5, 2: 2}",6_1
19nh_212554184,19,"{0: 1, 1: -3, 2: 3, 3: -3, 4: 1}",6_2
19nh_212593261,19,"{0: 1, 1: -3, 2: 3, 3: -3, 4: 1}",6_2
19nh_212594126,19,"{0: 2, 1: -5, 2: 2}",6_1
19nh_212626434,19,"{0: 1, 1: -3, 2: 5, 3: -3, 4: 1}",6_3
19nh_212627044,19,"{0: 2, 1: -5, 2: 2}",6_1
19nh_212627537,19,"{0: 2, 1: -5, 2: 2}",6_1
19nh_212627539,19,"{0: 2, 1: -5, 2: 2}",6_1
19nh_212627538,19,"{0: 2, 1: -5, 2: 2}",6_1
19nh_212627541,19,"{0: 2, 1: -5, 2: 2}",6_1
19nh_212627540,19,"{0: 2, 1: -5, 2: 2}",6_1
19nh_212627542,19,"{0: 2, 1: -5, 2: 2}",6_1
19nh_212627543,19,"{0: 2, 1: -5, 2: 2}",6_1
19nh_212627547,19,"{0: 2, 1: -5, 2: 2}",6_1
19nh_212627548,19,"{0: 2, 1: -5, 2: 2}",6_1
19nh_212627550,19,"{0: 2, 1: -5, 2: 2}",6_1
19nh_212627544,19,"{0: 2, 1: -5, 2: 2}",6_1
19nh_212627545,19,"{0: 2, 1: -5, 2: 2}",6_1
19nh_212627551,19,"{0: 2, 1: -5, 2: 2}",6_1
19nh_212627546,19,"{0: 2, 1: -5, 2: 2}",6_1
19nh_212627549,19,"{0: 2, 1: -5, 2: 2}",6_1
19nh_212627552,19,"{0: 2, 1: -5, 2: 2}",6_1
19nh_212652379,19,"{0: 2, 1: -5, 2: 2}",6_1
19nh_212653756,19,"{0: 2, 1: -5, 2: 2}",6_1
19nh_212680744,19,"{0: 1, 1: -3, 2: 5, 3: -3, 4: 1}",6_3
19nh_212689423,19,"{0: 1, 1: -3, 2: 3, 3: -3, 4: 1}",6_2
19nh_212727087,19,"{0: 1, 1: -1, 2: 1, 3: -1, 4: 1}",5_1
19nh_212738983,19,"{0: 1, 1: -3, 2: 3, 3: -3, 4: 1}",6_2
19nh_212816457,19,"{0: 1, 1: -3, 2: 3, 3: -3, 4: 1}",6_2
19nh_212826970,19,"{0: 1, 1: -1, 2: 1, 3: -1, 4: 1}",5_1
19nh_212872753,19,"{0: 2, 1: -5, 2: 2}",6_1
19nh_212872752,19,"{0: 2, 1: -5, 2: 2}",6_1
19nh_212879844,19,"{0: 2, 1: -5, 2: 2}",6_1
19nh_212915880,19,"{0: 2, 1: -5, 2: 2}",6_1
19nh_212916294,19,"{0: 1, 1: -3, 2: 5, 3: -3, 4: 1}",6_3
19nh_212927428,19,"{0: 1, 1: -3, 2: 5, 3: -3, 4: 1}",6_3
19nh_212962495,19,"{0: 1, 1: -1, 2: 1, 3: -1, 4: 1}",5_1
19nh_212962497,19,"{0: 1, 1: -1, 2: 1, 3: -1, 4: 1}",5_1
19nh_212962498,19,"{0: 1, 1: -1, 2: 1, 3: -1, 4: 1}",5_1
19nh_212962496,19,"{0: 1, 1: -1, 2: 1, 3: -1, 4: 1}",5_1
19nh_212972383,19,"{0: 2, 1: -5, 2: 2}",6_1
19nh_212972384,19,"{0: 2, 1: -5, 2: 2}",6_1
19nh_212972382,19,"{0: 2, 1: -5, 2: 2}",6_1
19nh_212972385,19,"{0: 2, 1: -5, 2: 2}",6_1
19nh_212972387,19,"{0: 2, 1: -5, 2: 2}",6_1
19nh_212972389,19,"{0: 2, 1: -5, 2: 2}",6_1
19nh_212972386,19,"{0: 2, 1: -5, 2: 2}",6_1
19nh_212972388,19,"{0: 2, 1: -5, 2: 2}",6_1
19nh_212986996,19,"{0: 1, 1: -3, 2: 5, 3: -3, 4: 1}",6_3
19nh_212986997,19,"{0: 1, 1: -3, 2: 5, 3: -3, 4: 1}",6_3
19nh_213011069,19,"{0: 1, 1: -3, 2: 3, 3: -3, 4: 1}",6_2
19nh_213109993,19,"{0: 1, 1: -3, 2: 5, 3: -3, 4: 1}",6_3
19nh_213151426,19,"{0: 2, 1: -5, 2: 2}",6_1
19nh_213157500,19,"{0: 2, 1: -5, 2: 2}",6_1
19nh_213157502,19,"{0: 2, 1: -5, 2: 2}",6_1
19nh_213157503,19,"{0: 2, 1: -5, 2: 2}",6_1
19nh_213157501,19,"{0: 2, 1: -5, 2: 2}",6_1
19nh_213167745,19,"{0: 2, 1: -5, 2: 2}",6_1
19nh_213167746,19,"{0: 2, 1: -5, 2: 2}",6_1
19nh_213205035,19,"{0: 2, 1: -5, 2: 2}",6_1
19nh_213251837,19,"{0: 1, 1: -3, 2: 5, 3: -3, 4: 1}",6_3
19nh_213251838,19,"{0: 1, 1: -3, 2: 5, 3: -3, 4: 1}",6_3
19nh_213251840,19,"{0: 1, 1: -3, 2: 5, 3: -3, 4: 1}",6_3
19nh_213251839,19,"{0: 1, 1: -3, 2: 5, 3: -3, 4: 1}",6_3
19nh_213256294,19,"{0: 1, 1: -3, 2: 3, 3: -3, 4: 1}",6_2
19nh_213256295,19,"{0: 1, 1: -3, 2: 3, 3: -3, 4: 1}",6_2
19nh_213356642,19,"{0: 2, 1: -5, 2: 2}",6_1
19nh_213356641,19,"{0: 2, 1: -5, 2: 2}",6_1
19nh_213356643,19,"{0: 2, 1: -5, 2: 2}",6_1
19nh_213356644,19,"{0: 2, 1: -5, 2: 2}",6_1
19nh_213359801,19,"{0: 1, 1: -3, 2: 3, 3: -3, 4: 1}",6_2
19nh_213370129,19,"{0: 2, 1: -5, 2: 2}",6_1
19nh_213370130,19,"{0: 2, 1: -5, 2: 2}",6_1
19nh_213400433,19,"{0: 1, 1: -3, 2: 3, 3: -3, 4: 1}",6_2
19nh_213410202,19,"{0: 1, 1: -3, 2: 3, 3: -3, 4: 1}",6_2
19nh_213410203,19,"{0: 1, 1: -3, 2: 3, 3: -3, 4: 1}",6_2
19nh_213463583,19,"{0: 2, 1: -5, 2: 2}",6_1
19nh_213463584,19,"{0: 2, 1: -5, 2: 2}",6_1
19nh_213525262,19,"{0: 2, 1: -5, 2: 2}",6_1
19nh_213527778,19,"{0: 2, 1: -5, 2: 2}",6_1
19nh_213546991,19,"{0: 2, 1: -5, 2: 2}",6_1
19nh_213546992,19,"{0: 2, 1: -5, 2: 2}",6_1
19nh_213546990,19,"{0: 2, 1: -5, 2: 2}",6_1
19nh_213546993,19,"{0: 2, 1: -5, 2: 2}",6_1
19nh_213599027,19,"{0: 2, 1: -5, 2: 2}",6_1
19nh_213640165,19,"{0: 2, 1: -5, 2: 2}",6_1
19nh_213702194,19,"{0: 2, 1: -5, 2: 2}",6_1
19nh_213702195,19,"{0: 2, 1: -5, 2: 2}",6_1
19nh_213749357,19,"{0: 1, 1: -3, 2: 3, 3: -3, 4: 1}",6_2
19nh_213774359,19,"{0: 1, 1: -3, 2: 3, 3: -3, 4: 1}",6_2
19nh_213786035,19,"{0: 1, 1: -3, 2: 3, 3: -3, 4: 1}",6_2
19nh_213808174,19,"{0: 1, 1: -3, 2: 3, 3: -3, 4: 1}",6_2
19nh_213808173,19,"{0: 1, 1: -3, 2: 3, 3: -3, 4: 1}",6_2
19nh_213832706,19,"{0: 2, 1: -5, 2: 2}",6_1
19nh_213833381,19,"{0: 1, 1: -3, 2: 3, 3: -3, 4: 1}",6_2
19nh_213833380,19,"{0: 1, 1: -3, 2: 3, 3: -3, 4: 1}",6_2
19nh_213833382,19,"{0: 1, 1: -3, 2: 3, 3: -3, 4: 1}",6_2
19nh_213833379,19,"{0: 1, 1: -3, 2: 3, 3: -3, 4: 1}",6_2
19nh_213833384,19,"{0: 1, 1: -3, 2: 3, 3: -3, 4: 1}",6_2
19nh_213833383,19,"{0: 1, 1: -3, 2: 3, 3: -3, 4: 1}",6_2
19nh_213833385,19,"{0: 1, 1: -3, 2: 3, 3: -3, 4: 1}",6_2
19nh_213833386,19,"{0: 1, 1: -3, 2: 3, 3: -3, 4: 1}",6_2
19nh_213838160,19,"{0: 1, 1: -3, 2: 3, 3: -3, 4: 1}",6_2
19nh_213841970,19,"{0: 2, 1: -5, 2: 2}",6_1
19nh_213886925,19,"{0: 2, 1: -5, 2: 2}",6_1
19nh_213886926,19,"{0: 2, 1: -5, 2: 2}",6_1
19nh_213895906,19,"{0: 2, 1: -5, 2: 2}",6_1
19nh_213895905,19,"{0: 2, 1: -5, 2: 2}",6_1
19nh_213908457,19,"{0: 1, 1: -3, 2: 5, 3: -3, 4: 1}",6_3
19nh_213988824,19,"{0: 1, 1: -3, 2: 5, 3: -3, 4: 1}",6_3
19nh_214000570,19,"{0: 1, 1: -1, 2: 1, 3: -1, 4: 1}",5_1
19nh_214029120,19,"{0: 1, 1: -3, 2: 5, 3: -3, 4: 1}",6_3
19nh_214044003,19,"{0: 1, 1: -3, 2: 5, 3: -3, 4: 1}",6_3
19nh_214046543,19,"{0: 1, 1: -3, 2: 5, 3: -3, 4: 1}",6_3
19nh_214064982,19,"{0: 1, 1: -3, 2: 3, 3: -3, 4: 1}",6_2
19nh_214091505,19,"{0: 1, 1: -3, 2: 3, 3: -3, 4: 1}",6_2
19nh_214091507,19,"{0: 1, 1: -3, 2: 3, 3: -3, 4: 1}",6_2
19nh_214091506,19,"{0: 1, 1: -3, 2: 3, 3: -3, 4: 1}",6_2
19nh_214091510,19,"{0: 1, 1: -3, 2: 3, 3: -3, 4: 1}",6_2
19nh_214091509,19,"{0: 1, 1: -3, 2: 3, 3: -3, 4: 1}",6_2
19nh_214091508,19,"{0: 1, 1: -3, 2: 3, 3: -3, 4: 1}",6_2
19nh_214091511,19,"{0: 1, 1: -3, 2: 3, 3: -3, 4: 1}",6_2
19nh_214091515,19,"{0: 1, 1: -3, 2: 3, 3: -3, 4: 1}",6_2
19nh_214091512,19,"{0: 1, 1: -3, 2: 3, 3: -3, 4: 1}",6_2
19nh_214091514,19,"{0: 1, 1: -3, 2: 3, 3: -3, 4: 1}",6_2
19nh_214091513,19,"{0: 1, 1: -3, 2: 3, 3: -3, 4: 1}",6_2
19nh_214091518,19,"{0: 1, 1: -3, 2: 3, 3: -3, 4: 1}",6_2
19nh_214091517,19,"{0: 1, 1: -3, 2: 3, 3: -3, 4: 1}",6_2
19nh_214091516,19,"{0: 1, 1: -3, 2: 3, 3: -3, 4: 1}",6_2
19nh_214091520,19,"{0: 1, 1: -3, 2: 3, 3: -3, 4: 1}",6_2
19nh_214091519,19,"{0: 1, 1: -3, 2: 3, 3: -3, 4: 1}",6_2
19nh_214092765,19,"{0: 1, 1: -1, 2: 1, 3: -1, 4: 1}",5_1
19nh_214140058,19,"{0: 2, 1: -5, 2: 2}",6_1
19nh_214146501,19,"{0: 2, 1: -5, 2: 2}",6_1
19nh_214157140,19,"{0: 1, 1: -3, 2: 5, 3: -3, 4: 1}",6_3
19nh_214187436,19,"{0: 2, 1: -5, 2: 2}",6_1
19nh_214189936,19,"{0: 1, 1: -3, 2: 5, 3: -3, 4: 1}",6_3
19nh_214224032,19,"{0: 1, 1: -3, 2: 3, 3: -3, 4: 1}",6_2
19nh_214306755,19,"{0: 1, 1: -3, 2: 3, 3: -3, 4: 1}",6_2
19nh_214310645,19,"{0: 2, 1: -5, 2: 2}",6_1
19nh_214310646,19,"{0: 2, 1: -5, 2: 2}",6_1
19nh_214310647,19,"{0: 2, 1: -5, 2: 2}",6_1
19nh_214310648,19,"{0: 2, 1: -5, 2: 2}",6_1
19nh_214340984,19,"{0: 1, 1: -3, 2: 3, 3: -3, 4: 1}",6_2
19nh_214341172,19,"{0: 1, 1: -3, 2: 3, 3: -3, 4: 1}",6_2
19nh_214350033,19,"{0: 2, 1: -5, 2: 2}",6_1
19nh_214379772,19,"{0: 1, 1: -3, 2: 5, 3: -3, 4: 1}",6_3
19nh_214379776,19,"{0: 1, 1: -3, 2: 5, 3: -3, 4: 1}",6_3
19nh_214379775,19,"{0: 1, 1: -3, 2: 5, 3: -3, 4: 1}",6_3
19nh_214379774,19,"{0: 1, 1: -3, 2: 5, 3: -3, 4: 1}",6_3
19nh_214379773,19,"{0: 1, 1: -3, 2: 5, 3: -3, 4: 1}",6_3
19nh_214379777,19,"{0: 1, 1: -3, 2: 5, 3: -3, 4: 1}",6_3
19nh_214379778,19,"{0: 1, 1: -3, 2: 5, 3: -3, 4: 1}",6_3
19nh_214379779,19,"{0: 1, 1: -3, 2: 5, 3: -3, 4: 1}",6_3
19nh_214406874,19,"{0: 1, 1: -1, 2: 1, 3: -1, 4: 1}",5_1
19nh_214406875,19,"{0: 1, 1: -1, 2: 1, 3: -1, 4: 1}",5_1
19nh_214414910,19,"{0: 2, 1: -5, 2: 2}",6_1
19nh_214417964,19,"{0: 1, 1: -3, 2: 5, 3: -3, 4: 1}",6_3
19nh_214417963,19,"{0: 1, 1: -3, 2: 5, 3: -3, 4: 1}",6_3
19nh_214422687,19,"{0: 1, 1: -3, 2: 5, 3: -3, 4: 1}",6_3
19nh_214451383,19,"{0: 1, 1: -3, 2: 3, 3: -3, 4: 1}",6_2
19nh_214451382,19,"{0: 1, 1: -3, 2: 3, 3: -3, 4: 1}",6_2
19nh_214451384,19,"{0: 1, 1: -3, 2: 3, 3: -3, 4: 1}",6_2
19nh_214451381,19,"{0: 1, 1: -3, 2: 3, 3: -3, 4: 1}",6_2
19nh_214538886,19,"{0: 1, 1: -3, 2: 3, 3: -3, 4: 1}",6_2
19nh_214547924,19,"{0: 2, 1: -5, 2: 2}",6_1
19nh_214547925,19,"{0: 2, 1: -5, 2: 2}",6_1
19nh_214581516,19,"{0: 1, 1: -1, 2: 1, 3: -1, 4: 1}",5_1
19nh_214597202,19,"{0: 2, 1: -5, 2: 2}",6_1
19nh_214598511,19,"{0: 1, 1: -3, 2: 5, 3: -3, 4: 1}",6_3
19nh_214598702,19,"{0: 1, 1: -3, 2: 5, 3: -3, 4: 1}",6_3
19nh_214598703,19,"{0: 1, 1: -3, 2: 5, 3: -3, 4: 1}",6_3
19nh_214598704,19,"{0: 1, 1: -3, 2: 5, 3: -3, 4: 1}",6_3
19nh_214598705,19,"{0: 1, 1: -3, 2: 5, 3: -3, 4: 1}",6_3
19nh_214602328,19,"{0: 2, 1: -5, 2: 2}",6_1
19nh_214617676,19,"{0: 1, 1: -3, 2: 5, 3: -3, 4: 1}",6_3
19nh_214669154,19,"{0: 2, 1: -5, 2: 2}",6_1
19nh_214687699,19,"{0: 2, 1: -5, 2: 2}",6_1
19nh_214687696,19,"{0: 2, 1: -5, 2: 2}",6_1
19nh_214687697,19,"{0: 2, 1: -5, 2: 2}",6_1
19nh_214687698,19,"{0: 2, 1: -5, 2: 2}",6_1
19nh_214822534,19,"{0: 1, 1: -3, 2: 3, 3: -3, 4: 1}",6_2
19nh_214861256,19,"{0: 2, 1: -5, 2: 2}",6_1
19nh_214888419,19,"{0: 1, 1: -3, 2: 5, 3: -3, 4: 1}",6_3
19nh_214888724,19,"{0: 1, 1: -3, 2: 3, 3: -3, 4: 1}",6_2
19nh_214910896,19,"{0: 1, 1: -1, 2: 1, 3: -1, 4: 1}",5_1
19nh_214910897,19,"{0: 1, 1: -1, 2: 1, 3: -1, 4: 1}",5_1
19nh_214920648,19,"{0: 1, 1: -3, 2: 3, 3: -3, 4: 1}",6_2
19nh_214920647,19,"{0: 1, 1: -3, 2: 3, 3: -3, 4: 1}",6_2
19nh_214922909,19,"{0: 1, 1: -3, 2: 5, 3: -3, 4: 1}",6_3
19nh_214961350,19,"{0: 2, 1: -5, 2: 2}",6_1
19nh_214961351,19,"{0: 2, 1: -5, 2: 2}",6_1
19nh_214988318,19,"{0: 2, 1: -5, 2: 2}",6_1
19nh_214991940,19,"{0: 2, 1: -5, 2: 2}",6_1
19nh_214992601,19,"{0: 1, 1: -3, 2: 5, 3: -3, 4: 1}",6_3
19nh_214992600,19,"{0: 1, 1: -3, 2: 5, 3: -3, 4: 1}",6_3
19nh_215067009,19,"{0: 1, 1: -3, 2: 5, 3: -3, 4: 1}",6_3
19nh_215071865,19,"{0: 1, 1: -3, 2: 5, 3: -3, 4: 1}",6_3
19nh_215075437,19,"{0: 1, 1: -3, 2: 3, 3: -3, 4: 1}",6_2
19nh_215251478,19,"{0: 1, 1: -3, 2: 3, 3: -3, 4: 1}",6_2
19nh_215271172,19,"{0: 1, 1: -3, 2: 5, 3: -3, 4: 1}",6_3
19nh_215305400,19,"{0: 1, 1: -1, 2: 1, 3: -1, 4: 1}",5_1
19nh_215336438,19,"{0: 2, 1: -5, 2: 2}",6_1
19nh_215342175,19,"{0: 1, 1: -3, 2: 5, 3: -3, 4: 1}",6_3
19nh_215342176,19,"{0: 1, 1: -3, 2: 5, 3: -3, 4: 1}",6_3
19nh_215356489,19,"{0: 2, 1: -5, 2: 2}",6_1
19nh_215361883,19,"{0: 2, 1: -5, 2: 2}",6_1
19nh_215361884,19,"{0: 2, 1: -5, 2: 2}",6_1
19nh_215411695,19,"{0: 1, 1: -3, 2: 5, 3: -3, 4: 1}",6_3
19nh_215421086,19,"{0: 1, 1: -3, 2: 3, 3: -3, 4: 1}",6_2
19nh_215421087,19,"{0: 1, 1: -3, 2: 3, 3: -3, 4: 1}",6_2
19nh_215458966,19,"{0: 1, 1: -3, 2: 3, 3: -3, 4: 1}",6_2
19nh_215500330,19,"{0: 1, 1: -3, 2: 5, 3: -3, 4: 1}",6_3
19nh_215500329,19,"{0: 1, 1: -3, 2: 5, 3: -3, 4: 1}",6_3
19nh_215500331,19,"{0: 1, 1: -3, 2: 5, 3: -3, 4: 1}",6_3
19nh_215500332,19,"{0: 1, 1: -3, 2: 5, 3: -3, 4: 1}",6_3
19nh_215500333,19,"{0: 1, 1: -3, 2: 5, 3: -3, 4: 1}",6_3
19nh_215500334,19,"{0: 1, 1: -3, 2: 5, 3: -3, 4: 1}",6_3
19nh_215500335,19,"{0: 1, 1: -3, 2: 5, 3: -3, 4: 1}",6_3
19nh_215500336,19,"{0: 1, 1: -3, 2: 5, 3: -3, 4: 1}",6_3
19nh_215521115,19,"{0: 1, 1: -3, 2: 5, 3: -3, 4: 1}",6_3
19nh_215563594,19,"{0: 1, 1: -3, 2: 3, 3: -3, 4: 1}",6_2
19nh_215584588,19,"{0: 2, 1: -5, 2: 2}",6_1
19nh_215603738,19,"{0: 1, 1: -3, 2: 3, 3: -3, 4: 1}",6_2
19nh_215608363,19,"{0: 1, 1: -3, 2: 3, 3: -3, 4: 1}",6_2
19nh_215608362,19,"{0: 1, 1: -3, 2: 3, 3: -3, 4: 1}",6_2
19nh_215645846,19,"{0: 1, 1: -3, 2: 3, 3: -3, 4: 1}",6_2
19nh_215762585,19,"{0: 2, 1: -5, 2: 2}",6_1
19nh_215784538,19,"{0: 1, 1: -3, 2: 5, 3: -3, 4: 1}",6_3
19nh_215796164,19,"{0: 1, 1: -3, 2: 3, 3: -3, 4: 1}",6_2
19nh_215808966,19,"{0: 1, 1: -3, 2: 3, 3: -3, 4: 1}",6_2
19nh_215837759,19,"{0: 1, 1: -3, 2: 5, 3: -3, 4: 1}",6_3
19nh_215839160,19,"{0: 1, 1: -3, 2: 3, 3: -3, 4: 1}",6_2
19nh_215870097,19,"{0: 2, 1: -5, 2: 2}",6_1
19nh_215870098,19,"{0: 2, 1: -5, 2: 2}",6_1
19nh_215886744,19,"{0: 1, 1: -3, 2: 3, 3: -3, 4: 1}",6_2
19nh_215897133,19,"{0: 1, 1: -3, 2: 5, 3: -3, 4: 1}",6_3
19nh_215910259,19,"{0: 2, 1: -5, 2: 2}",6_1
19nh_215919829,19,"{0: 2, 1: -5, 2: 2}",6_1
19nh_215919828,19,"{0: 2, 1: -5, 2: 2}",6_1
19nh_215928698,19,"{0: 2, 1: -5, 2: 2}",6_1
19nh_215933926,19,"{0: 1, 1: -3, 2: 5, 3: -3, 4: 1}",6_3
19nh_215957417,19,"{0: 1, 1: -3, 2: 3, 3: -3, 4: 1}",6_2
19nh_215966135,19,"{0: 1, 1: -3, 2: 5, 3: -3, 4: 1}",6_3
19nh_215983854,19,"{0: 1, 1: -3, 2: 3, 3: -3, 4: 1}",6_2
19nh_216014813,19,"{0: 2, 1: -5, 2: 2}",6_1
19nh_216027057,19,"{0: 1, 1: -3, 2: 5, 3: -3, 4: 1}",6_3
19nh_216039933,19,"{0: 1, 1: -3, 2: 3, 3: -3, 4: 1}",6_2
19nh_216068343,19,"{0: 1, 1: -3, 2: 5, 3: -3, 4: 1}",6_3
19nh_216075078,19,"{0: 1, 1: -3, 2: 5, 3: -3, 4: 1}",6_3
19nh_216075426,19,"{0: 1, 1: -3, 2: 5, 3: -3, 4: 1}",6_3
19nh_216081639,19,"{0: 1, 1: -3, 2: 3, 3: -3, 4: 1}",6_2
19nh_216111603,19,"{0: 2, 1: -5, 2: 2}",6_1
19nh_216128961,19,"{0: 2, 1: -5, 2: 2}",6_1
19nh_216128962,19,"{0: 2, 1: -5, 2: 2}",6_1
19nh_216129343,19,"{0: 1, 1: -3, 2: 5, 3: -3, 4: 1}",6_3
19nh_216154424,19,"{0: 2, 1: -5, 2: 2}",6_1
19nh_216175500,19,"{0: 2, 1: -5, 2: 2}",6_1
19nh_216193584,19,"{0: 2, 1: -5, 2: 2}",6_1
19nh_216199140,19,"{0: 1, 1: -3, 2: 5, 3: -3, 4: 1}",6_3
19nh_216201947,19,"{0: 1, 1: -3, 2: 5, 3: -3, 4: 1}",6_3
19nh_216210062,19,"{0: 2, 1: -5, 2: 2}",6_1
19nh_216210061,19,"{0: 2, 1: -5, 2: 2}",6_1
19nh_216248549,19,"{0: 1, 1: -3, 2: 5, 3: -3, 4: 1}",6_3
19nh_216278157,19,"{0: 1, 1: -3, 2: 3, 3: -3, 4: 1}",6_2
19nh_216396633,19,"{0: 2, 1: -5, 2: 2}",6_1
19nh_216401481,19,"{0: 1, 1: -3, 2: 5, 3: -3, 4: 1}",6_3
19nh_216444679,19,"{0: 2, 1: -5, 2: 2}",6_1
19nh_216444678,19,"{0: 2, 1: -5, 2: 2}",6_1
19nh_216448905,19,"{0: 2, 1: -5, 2: 2}",6_1
19nh_216448906,19,"{0: 2, 1: -5, 2: 2}",6_1
19nh_216448908,19,"{0: 2, 1: -5, 2: 2}",6_1
19nh_216448907,19,"{0: 2, 1: -5, 2: 2}",6_1
19nh_216469522,19,"{0: 2, 1: -5, 2: 2}",6_1
19nh_216486777,19,"{0: 1, 1: -3, 2: 5, 3: -3, 4: 1}",6_3
19nh_216486778,19,"{0: 1, 1: -3, 2: 5, 3: -3, 4: 1}",6_3
19nh_216514353,19,"{0: 1, 1: -3, 2: 5, 3: -3, 4: 1}",6_3
19nh_216625353,19,"{0: 1, 1: -3, 2: 5, 3: -3, 4: 1}",6_3
19nh_216625352,19,"{0: 1, 1: -3, 2: 5, 3: -3, 4: 1}",6_3
19nh_216625354,19,"{0: 1, 1: -3, 2: 5, 3: -3, 4: 1}",6_3
19nh_216625355,19,"{0: 1, 1: -3, 2: 5, 3: -3, 4: 1}",6_3
19nh_216625356,19,"{0: 1, 1: -3, 2: 5, 3: -3, 4: 1}",6_3
19nh_216625357,19,"{0: 1, 1: -3, 2: 5, 3: -3, 4: 1}",6_3
19nh_216625358,19,"{0: 1, 1: -3, 2: 5, 3: -3, 4: 1}",6_3
19nh_216625359,19,"{0: 1, 1: -3, 2: 5, 3: -3, 4: 1}",6_3
19nh_216680316,19,"{0: 2, 1: -5, 2: 2}",6_1
19nh_216704886,19,"{0: 2, 1: -5, 2: 2}",6_1
19nh_216708061,19,"{0: 1, 1: -3, 2: 5, 3: -3, 4: 1}",6_3
19nh_216729653,19,"{0: 1, 1: -3, 2: 3, 3: -3, 4: 1}",6_2
19nh_216910700,19,"{0: 1, 1: -3, 2: 3, 3: -3, 4: 1}",6_2
19nh_216920251,19,"{0: 2, 1: -5, 2: 2}",6_1
19nh_216936122,19,"{0: 1, 1: -3, 2: 3, 3: -3, 4: 1}",6_2
19nh_217062877,19,"{0: 1, 1: -1, 2: 1, 3: -1, 4: 1}",5_1
19nh_217062876,19,"{0: 1, 1: -1, 2: 1, 3: -1, 4: 1}",5_1
19nh_217062879,19,"{0: 1, 1: -1, 2: 1, 3: -1, 4: 1}",5_1
19nh_217062878,19,"{0: 1, 1: -1, 2: 1, 3: -1, 4: 1}",5_1
19nh_217065394,19,"{0: 1, 1: -3, 2: 3, 3: -3, 4: 1}",6_2
19nh_217068208,19,"{0: 2, 1: -5, 2: 2}",6_1
19nh_217068207,19,"{0: 2, 1: -5, 2: 2}",6_1
19nh_217158236,19,"{0: 1, 1: -3, 2: 5, 3: -3, 4: 1}",6_3
19nh_217177707,19,"{0: 1, 1: -3, 2: 5, 3: -3, 4: 1}",6_3
19nh_217196921,19,"{0: 1, 1: -3, 2: 5, 3: -3, 4: 1}",6_3
19nh_217200494,19,"{0: 1, 1: -3, 2: 3, 3: -3, 4: 1}",6_2
19nh_217209317,19,"{0: 1, 1: -3, 2: 3, 3: -3, 4: 1}",6_2
19nh_217232971,19,"{0: 2, 1: -5, 2: 2}",6_1
19nh_217251551,19,"{0: 2, 1: -5, 2: 2}",6_1
19nh_217251550,19,"{0: 2, 1: -5, 2: 2}",6_1
19nh_217273251,19,"{0: 1, 1: -3, 2: 3, 3: -3, 4: 1}",6_2
19nh_217273250,19,"{0: 1, 1: -3, 2: 3, 3: -3, 4: 1}",6_2
19nh_217273252,19,"{0: 1, 1: -3, 2: 3, 3: -3, 4: 1}",6_2
19nh_217273253,19,"{0: 1, 1: -3, 2: 3, 3: -3, 4: 1}",6_2
19nh_217295567,19,"{0: 2, 1: -5, 2: 2}",6_1
19nh_217298079,19,"{0: 1, 1: -3, 2: 3, 3: -3, 4: 1}",6_2
19nh_217298080,19,"{0: 1, 1: -3, 2: 3, 3: -3, 4: 1}",6_2
19nh_217298081,19,"{0: 1, 1: -3, 2: 3, 3: -3, 4: 1}",6_2
19nh_217298082,19,"{0: 1, 1: -3, 2: 3, 3: -3, 4: 1}",6_2
19nh_217306180,19,"{0: 1, 1: -3, 2: 5, 3: -3, 4: 1}",6_3
19nh_217306181,19,"{0: 1, 1: -3, 2: 5, 3: -3, 4: 1}",6_3
19nh_217365038,19,"{0: 2, 1: -5, 2: 2}",6_1
19nh_217365039,19,"{0: 2, 1: -5, 2: 2}",6_1
19nh_217365040,19,"{0: 2, 1: -5, 2: 2}",6_1
19nh_217365037,19,"{0: 2, 1: -5, 2: 2}",6_1
19nh_217371052,19,"{0: 2, 1: -5, 2: 2}",6_1
19nh_217419523,19,"{0: 1, 1: -3, 2: 3, 3: -3, 4: 1}",6_2
19nh_217490353,19,"{0: 1, 1: -3, 2: 3, 3: -3, 4: 1}",6_2
19nh_217490354,19,"{0: 1, 1: -3, 2: 3, 3: -3, 4: 1}",6_2
19nh_217553169,19,"{0: 2, 1: -5, 2: 2}",6_1
19nh_217553170,19,"{0: 2, 1: -5, 2: 2}",6_1
19nh_217576072,19,"{0: 1, 1: -3, 2: 5, 3: -3, 4: 1}",6_3
19nh_217576073,19,"{0: 1, 1: -3, 2: 5, 3: -3, 4: 1}",6_3
19nh_217591570,19,"{0: 1, 1: -3, 2: 5, 3: -3, 4: 1}",6_3
19nh_217620196,19,"{0: 1, 1: -3, 2: 5, 3: -3, 4: 1}",6_3
19nh_217637373,19,"{0: 1, 1: -3, 2: 3, 3: -3, 4: 1}",6_2
19nh_217662393,19,"{0: 1, 1: -3, 2: 3, 3: -3, 4: 1}",6_2
19nh_217662394,19,"{0: 1, 1: -3, 2: 3, 3: -3, 4: 1}",6_2
19nh_217662396,19,"{0: 1, 1: -3, 2: 3, 3: -3, 4: 1}",6_2
19nh_217662395,19,"{0: 1, 1: -3, 2: 3, 3: -3, 4: 1}",6_2
19nh_217681938,19,"{0: 1, 1: -3, 2: 3, 3: -3, 4: 1}",6_2
19nh_217681939,19,"{0: 1, 1: -3, 2: 3, 3: -3, 4: 1}",6_2
19nh_217683856,19,"{0: 2, 1: -5, 2: 2}",6_1
19nh_217729311,19,"{0: 2, 1: -5, 2: 2}",6_1
19nh_217729313,19,"{0: 2, 1: -5, 2: 2}",6_1
19nh_217729312,19,"{0: 2, 1: -5, 2: 2}",6_1
19nh_217729310,19,"{0: 2, 1: -5, 2: 2}",6_1
19nh_217729309,19,"{0: 2, 1: -5, 2: 2}",6_1
19nh_217729315,19,"{0: 2, 1: -5, 2: 2}",6_1
19nh_217729314,19,"{0: 2, 1: -5, 2: 2}",6_1
19nh_217729316,19,"{0: 2, 1: -5, 2: 2}",6_1
19nh_217766205,19,"{0: 1, 1: -3, 2: 3, 3: -3, 4: 1}",6_2
19nh_217766206,19,"{0: 1, 1: -3, 2: 3, 3: -3, 4: 1}",6_2
19nh_217766204,19,"{0: 1, 1: -3, 2: 3, 3: -3, 4: 1}",6_2
19nh_217766207,19,"{0: 1, 1: -3, 2: 3, 3: -3, 4: 1}",6_2
19nh_217772482,19,"{0: 1, 1: -1, 2: 1, 3: -1, 4: 1}",5_1
19nh_217790366,19,"{0: 2, 1: -5, 2: 2}",6_1
19nh_217790367,19,"{0: 2, 1: -5, 2: 2}",6_1
19nh_217790368,19,"{0: 2, 1: -5, 2: 2}",6_1
19nh_217790369,19,"{0: 2, 1: -5, 2: 2}",6_1
19nh_217790370,19,"{0: 2, 1: -5, 2: 2}",6_1
19nh_217790372,19,"{0: 2, 1: -5, 2: 2}",6_1
19nh_217790373,19,"{0: 2, 1: -5, 2: 2}",6_1
19nh_217790371,19,"{0: 2, 1: -5, 2: 2}",6_1
19nh_217814842,19,"{0: 1, 1: -1, 2: 1, 3: -1, 4: 1}",5_1
19nh_217814841,19,"{0: 1, 1: -1, 2: 1, 3: -1, 4: 1}",5_1
19nh_217814843,19,"{0: 1, 1: -1, 2: 1, 3: -1, 4: 1}",5_1
19nh_217814844,19,"{0: 1, 1: -1, 2: 1, 3: -1, 4: 1}",5_1
19nh_217826650,19,"{0: 1, 1: -3, 2: 3, 3: -3, 4: 1}",6_2
19nh_217826649,19,"{0: 1, 1: -3, 2: 3, 3: -3, 4: 1}",6_2
19nh_217868745,19,"{0: 1, 1: -3, 2: 3, 3: -3, 4: 1}",6_2
19nh_217894318,19,"{0: 1, 1: -3, 2: 3, 3: -3, 4: 1}",6_2
19nh_217921834,19,"{0: 1, 1: -3, 2: 5, 3: -3, 4: 1}",6_3
19nh_217956584,19,"{0: 1, 1: -3, 2: 3, 3: -3, 4: 1}",6_2
19nh_217965995,19,"{0: 1, 1: -1, 2: 1, 3: -1, 4: 1}",5_1
19nh_218000729,19,"{0: 1, 1: -3, 2: 5, 3: -3, 4: 1}",6_3
19nh_218147923,19,"{0: 2, 1: -5, 2: 2}",6_1
19nh_218160383,19,"{0: 1, 1: -3, 2: 5, 3: -3, 4: 1}",6_3
19nh_218160384,19,"{0: 1, 1: -3, 2: 5, 3: -3, 4: 1}",6_3
19nh_218160386,19,"{0: 1, 1: -3, 2: 5, 3: -3, 4: 1}",6_3
19nh_218160385,19,"{0: 1, 1: -3, 2: 5, 3: -3, 4: 1}",6_3
19nh_218240003,19,"{0: 2, 1: -5, 2: 2}",6_1
19nh_218253414,19,"{0: 2, 1: -5, 2: 2}",6_1
19nh_218288336,19,"{0: 1, 1: -3, 2: 3, 3: -3, 4: 1}",6_2
19nh_218304374,19,"{0: 2, 1: -5, 2: 2}",6_1
19nh_218310062,19,"{0: 1, 1: -3, 2: 3, 3: -3, 4: 1}",6_2
19nh_218433796,19,"{0: 1, 1: -3, 2: 3, 3: -3, 4: 1}",6_2
19nh_218452676,19,"{0: 1, 1: -3, 2: 3, 3: -3, 4: 1}",6_2
19nh_218452677,19,"{0: 1, 1: -3, 2: 3, 3: -3, 4: 1}",6_2
19nh_218539903,19,"{0: 1, 1: -3, 2: 5, 3: -3, 4: 1}",6_3
19nh_218597132,19,"{0: 1, 1: -3, 2: 3, 3: -3, 4: 1}",6_2
19nh_218608283,19,"{0: 1, 1: -3, 2: 3, 3: -3, 4: 1}",6_2
19nh_218613732,19,"{0: 1, 1: -1, 2: 1, 3: -1, 4: 1}",5_1
19nh_218614043,19,"{0: 1, 1: -3, 2: 3, 3: -3, 4: 1}",6_2
19nh_218653646,19,"{0: 1, 1: -3, 2: 5, 3: -3, 4: 1}",6_3
19nh_218665014,19,"{0: 2, 1: -5, 2: 2}",6_1
19nh_218665015,19,"{0: 2, 1: -5, 2: 2}",6_1
19nh_218694169,19,"{0: 1, 1: -3, 2: 5, 3: -3, 4: 1}",6_3
19nh_218743485,19,"{0: 2, 1: -5, 2: 2}",6_1
19nh_218769109,19,"{0: 2, 1: -5, 2: 2}",6_1
19nh_218769110,19,"{0: 2, 1: -5, 2: 2}",6_1
19nh_218796669,19,"{0: 2, 1: -5, 2: 2}",6_1
19nh_218796670,19,"{0: 2, 1: -5, 2: 2}",6_1
19nh_218812096,19,"{0: 1, 1: -1, 2: 1, 3: -1, 4: 1}",5_1
19nh_218895929,19,"{0: 1, 1: -3, 2: 3, 3: -3, 4: 1}",6_2
19nh_218896490,19,"{0: 1, 1: -3, 2: 3, 3: -3, 4: 1}",6_2
19nh_218948087,19,"{0: 1, 1: -3, 2: 5, 3: -3, 4: 1}",6_3
19nh_218950454,19,"{0: 1, 1: -3, 2: 3, 3: -3, 4: 1}",6_2
19nh_218950453,19,"{0: 1, 1: -3, 2: 3, 3: -3, 4: 1}",6_2
19nh_218950455,19,"{0: 1, 1: -3, 2: 3, 3: -3, 4: 1}",6_2
19nh_218950456,19,"{0: 1, 1: -3, 2: 3, 3: -3, 4: 1}",6_2
19nh_218996458,19,"{0: 2, 1: -5, 2: 2}",6_1
19nh_219004429,19,"{0: 1, 1: -1, 2: 1, 3: -1, 4: 1}",5_1
19nh_219013475,19,"{0: 1, 1: -3, 2: 5, 3: -3, 4: 1}",6_3
19nh_219013878,19,"{0: 1, 1: -3, 2: 5, 3: -3, 4: 1}",6_3
19nh_219145437,19,"{0: 1, 1: -3, 2: 3, 3: -3, 4: 1}",6_2
19nh_219145438,19,"{0: 1, 1: -3, 2: 3, 3: -3, 4: 1}",6_2
19nh_219153607,19,"{0: 1, 1: -3, 2: 3, 3: -3, 4: 1}",6_2
19nh_219153605,19,"{0: 1, 1: -3, 2: 3, 3: -3, 4: 1}",6_2
19nh_219153606,19,"{0: 1, 1: -3, 2: 3, 3: -3, 4: 1}",6_2
19nh_219153608,19,"{0: 1, 1: -3, 2: 3, 3: -3, 4: 1}",6_2
19nh_219251683,19,"{0: 2, 1: -5, 2: 2}",6_1
19nh_219251684,19,"{0: 2, 1: -5, 2: 2}",6_1
19nh_219255449,19,"{0: 1, 1: -3, 2: 5, 3: -3, 4: 1}",6_3
19nh_219255451,19,"{0: 1, 1: -3, 2: 5, 3: -3, 4: 1}",6_3
19nh_219255450,19,"{0: 1, 1: -3, 2: 5, 3: -3, 4: 1}",6_3
19nh_219255452,19,"{0: 1, 1: -3, 2: 5, 3: -3, 4: 1}",6_3
19nh_219325974,19,"{0: 1, 1: -3, 2: 5, 3: -3, 4: 1}",6_3
19nh_219325977,19,"{0: 1, 1: -3, 2: 5, 3: -3, 4: 1}",6_3
19nh_219325976,19,"{0: 1, 1: -3, 2: 5, 3: -3, 4: 1}",6_3
19nh_219325975,19,"{0: 1, 1: -3, 2: 5, 3: -3, 4: 1}",6_3
19nh_219534291,19,"{0: 1, 1: -3, 2: 3, 3: -3, 4: 1}",6_2
19nh_219534292,19,"{0: 1, 1: -3, 2: 3, 3: -3, 4: 1}",6_2
19nh_219534293,19,"{0: 1, 1: -3, 2: 3, 3: -3, 4: 1}",6_2
19nh_219534294,19,"{0: 1, 1: -3, 2: 3, 3: -3, 4: 1}",6_2
19nh_219534295,19,"{0: 1, 1: -3, 2: 3, 3: -3, 4: 1}",6_2
19nh_219534298,19,"{0: 1, 1: -3, 2: 3, 3: -3, 4: 1}",6_2
19nh_219534296,19,"{0: 1, 1: -3, 2: 3, 3: -3, 4: 1}",6_2
19nh_219534297,19,"{0: 1, 1: -3, 2: 3, 3: -3, 4: 1}",6_2
19nh_219562482,19,"{0: 2, 1: -5, 2: 2}",6_1
19nh_219562483,19,"{0: 2, 1: -5, 2: 2}",6_1
19nh_219586735,19,"{0: 2, 1: -5, 2: 2}",6_1
19nh_219586736,19,"{0: 2, 1: -5, 2: 2}",6_1
19nh_219586738,19,"{0: 2, 1: -5, 2: 2}",6_1
19nh_219586737,19,"{0: 2, 1: -5, 2: 2}",6_1
19nh_219594684,19,"{0: 1, 1: -3, 2: 5, 3: -3, 4: 1}",6_3
19nh_219594849,19,"{0: 1, 1: -3, 2: 3, 3: -3, 4: 1}",6_2
19nh_219765546,19,"{0: 1, 1: -3, 2: 3, 3: -3, 4: 1}",6_2
19nh_219776498,19,"{0: 2, 1: -5, 2: 2}",6_1
19nh_219809611,19,"{0: 1, 1: -3, 2: 5, 3: -3, 4: 1}",6_3
19nh_219814746,19,"{0: 1, 1: -3, 2: 5, 3: -3, 4: 1}",6_3
19nh_219837767,19,"{0: 1, 1: -3, 2: 5, 3: -3, 4: 1}",6_3
19nh_219837769,19,"{0: 1, 1: -3, 2: 5, 3: -3, 4: 1}",6_3
19nh_219837768,19,"{0: 1, 1: -3, 2: 5, 3: -3, 4: 1}",6_3
19nh_219837770,19,"{0: 1, 1: -3, 2: 5, 3: -3, 4: 1}",6_3
19nh_219837771,19,"{0: 1, 1: -3, 2: 5, 3: -3, 4: 1}",6_3
19nh_219837772,19,"{0: 1, 1: -3, 2: 5, 3: -3, 4: 1}",6_3
19nh_219837773,19,"{0: 1, 1: -3, 2: 5, 3: -3, 4: 1}",6_3
19nh_219837774,19,"{0: 1, 1: -3, 2: 5, 3: -3, 4: 1}",6_3
19nh_219881822,19,"{0: 1, 1: -3, 2: 5, 3: -3, 4: 1}",6_3
19nh_219906082,19,"{0: 1, 1: -3, 2: 5, 3: -3, 4: 1}",6_3
19nh_219977318,19,"{0: 2, 1: -5, 2: 2}",6_1
19nh_219977319,19,"{0: 2, 1: -5, 2: 2}",6_1
19nh_219999416,19,"{0: 1, 1: -3, 2: 3, 3: -3, 4: 1}",6_2
19nh_220008853,19,"{0: 2, 1: -5, 2: 2}",6_1
19nh_220035503,19,"{0: 1, 1: -3, 2: 5, 3: -3, 4: 1}",6_3
19nh_220066610,19,"{0: 1, 1: -1, 2: 1, 3: -1, 4: 1}",5_1
19nh_220074407,19,"{0: 1, 1: -3, 2: 3, 3: -3, 4: 1}",6_2
19nh_220099532,19,"{0: 2, 1: -5, 2: 2}",6_1
19nh_220099533,19,"{0: 2, 1: -5, 2: 2}",6_1
19nh_220169580,19,"{0: 1, 1: -3, 2: 3, 3: -3, 4: 1}",6_2
19nh_220228088,19,"{0: 1, 1: -3, 2: 5, 3: -3, 4: 1}",6_3
19nh_220239487,19,"{0: 1, 1: -1, 2: 1, 3: -1, 4: 1}",5_1
19nh_220245076,19,"{0: 2, 1: -5, 2: 2}",6_1
19nh_220245077,19,"{0: 2, 1: -5, 2: 2}",6_1
19nh_220253694,19,"{0: 2, 1: -5, 2: 2}",6_1
19nh_220253695,19,"{0: 2, 1: -5, 2: 2}",6_1
19nh_220257752,19,"{0: 1, 1: -1, 2: 1, 3: -1, 4: 1}",5_1
19nh_220275688,19,"{0: 1, 1: -1, 2: 1, 3: -1, 4: 1}",5_1
19nh_220275686,19,"{0: 1, 1: -1, 2: 1, 3: -1, 4: 1}",5_1
19nh_220275690,19,"{0: 1, 1: -1, 2: 1, 3: -1, 4: 1}",5_1
19nh_220275687,19,"{0: 1, 1: -1, 2: 1, 3: -1, 4: 1}",5_1
19nh_220275691,19,"{0: 1, 1: -1, 2: 1, 3: -1, 4: 1}",5_1
19nh_220275689,19,"{0: 1, 1: -1, 2: 1, 3: -1, 4: 1}",5_1
19nh_220275692,19,"{0: 1, 1: -1, 2: 1, 3: -1, 4: 1}",5_1
19nh_220275693,19,"{0: 1, 1: -1, 2: 1, 3: -1, 4: 1}",5_1
19nh_220305111,19,"{0: 2, 1: -5, 2: 2}",6_1
19nh_220317399,19,"{0: 2, 1: -5, 2: 2}",6_1
19nh_220351427,19,"{0: 1, 1: -3, 2: 3, 3: -3, 4: 1}",6_2
19nh_220352620,19,"{0: 1, 1: -3, 2: 5, 3: -3, 4: 1}",6_3
19nh_220352623,19,"{0: 1, 1: -3, 2: 5, 3: -3, 4: 1}",6_3
19nh_220352622,19,"{0: 1, 1: -3, 2: 5, 3: -3, 4: 1}",6_3
19nh_220352621,19,"{0: 1, 1: -3, 2: 5, 3: -3, 4: 1}",6_3
19nh_220357396,19,"{0: 2, 1: -5, 2: 2}",6_1
19nh_220361295,19,"{0: 2, 1: -5, 2: 2}",6_1
19nh_220388263,19,"{0: 1, 1: -3, 2: 5, 3: -3, 4: 1}",6_3
19nh_220388264,19,"{0: 1, 1: -3, 2: 5, 3: -3, 4: 1}",6_3
19nh_220388266,19,"{0: 1, 1: -3, 2: 5, 3: -3, 4: 1}",6_3
19nh_220388265,19,"{0: 1, 1: -3, 2: 5, 3: -3, 4: 1}",6_3
19nh_220445604,19,"{0: 1, 1: -3, 2: 3, 3: -3, 4: 1}",6_2
19nh_220445603,19,"{0: 1, 1: -3, 2: 3, 3: -3, 4: 1}",6_2
19nh_220445605,19,"{0: 1, 1: -3, 2: 3, 3: -3, 4: 1}",6_2
19nh_220445606,19,"{0: 1, 1: -3, 2: 3, 3: -3, 4: 1}",6_2
19nh_220452406,19,"{0: 1, 1: -3, 2: 3, 3: -3, 4: 1}",6_2
19nh_220452405,19,"{0: 1, 1: -3, 2: 3, 3: -3, 4: 1}",6_2
19nh_220512740,19,"{0: 1, 1: -1, 2: 1, 3: -1, 4: 1}",5_1
19nh_220512741,19,"{0: 1, 1: -1, 2: 1, 3: -1, 4: 1}",5_1
19nh_220618131,19,"{0: 1, 1: -3, 2: 3, 3: -3, 4: 1}",6_2
19nh_220624968,19,"{0: 1, 1: -3, 2: 5, 3: -3, 4: 1}",6_3
19nh_220673675,19,"{0: 1, 1: -3, 2: 3, 3: -3, 4: 1}",6_2
19nh_220675879,19,"{0: 2, 1: -5, 2: 2}",6_1
19nh_220675882,19,"{0: 2, 1: -5, 2: 2}",6_1
19nh_220675881,19,"{0: 2, 1: -5, 2: 2}",6_1
19nh_220675880,19,"{0: 2, 1: -5, 2: 2}",6_1
19nh_220680006,19,"{0: 1, 1: -3, 2: 5, 3: -3, 4: 1}",6_3
19nh_220686582,19,"{0: 1, 1: -3, 2: 3, 3: -3, 4: 1}",6_2
19nh_220696098,19,"{0: 2, 1: -5, 2: 2}",6_1
19nh_220696099,19,"{0: 2, 1: -5, 2: 2}",6_1
19nh_220704736,19,"{0: 1, 1: -3, 2: 3, 3: -3, 4: 1}",6_2
19nh_220762859,19,"{0: 2, 1: -5, 2: 2}",6_1
19nh_220864423,19,"{0: 2, 1: -5, 2: 2}",6_1
19nh_220867451,19,"{0: 2, 1: -5, 2: 2}",6_1
19nh_220867452,19,"{0: 2, 1: -5, 2: 2}",6_1
19nh_220944295,19,"{0: 1, 1: -3, 2: 5, 3: -3, 4: 1}",6_3
19nh_220944296,19,"{0: 1, 1: -3, 2: 5, 3: -3, 4: 1}",6_3
19nh_220955242,19,"{0: 1, 1: -3, 2: 5, 3: -3, 4: 1}",6_3
19nh_220963719,19,"{0: 1, 1: -1, 2: 1, 3: -1, 4: 1}",5_1
19nh_220987712,19,"{0: 1, 1: -3, 2: 3, 3: -3, 4: 1}",6_2
19nh_221072346,19,"{0: 2, 1: -5, 2: 2}",6_1
19nh_221127559,19,"{0: 1, 1: -3, 2: 3, 3: -3, 4: 1}",6_2
19nh_221179719,19,"{0: 2, 1: -5, 2: 2}",6_1
19nh_221200413,19,"{0: 1, 1: -3, 2: 3, 3: -3, 4: 1}",6_2
19nh_221242030,19,"{0: 1, 1: -1, 2: 1, 3: -1, 4: 1}",5_1
19nh_221242031,19,"{0: 1, 1: -1, 2: 1, 3: -1, 4: 1}",5_1
19nh_221254012,19,"{0: 1, 1: -3, 2: 5, 3: -3, 4: 1}",6_3
19nh_221254051,19,"{0: 1, 1: -3, 2: 3, 3: -3, 4: 1}",6_2
19nh_221315604,19,"{0: 1, 1: -3, 2: 5, 3: -3, 4: 1}",6_3
19nh_221346778,19,"{0: 2, 1: -5, 2: 2}",6_1
19nh_221368095,19,"{0: 1, 1: -1, 2: 1, 3: -1, 4: 1}",5_1
19nh_221379415,19,"{0: 1, 1: -3, 2: 5, 3: -3, 4: 1}",6_3
19nh_221468424,19,"{0: 1, 1: -1, 2: 1, 3: -1, 4: 1}",5_1
19nh_221548014,19,"{0: 2, 1: -5, 2: 2}",6_1
19nh_221548015,19,"{0: 2, 1: -5, 2: 2}",6_1
19nh_221626841,19,"{0: 1, 1: -1, 2: 1, 3: -1, 4: 1}",5_1
19nh_221667265,19,"{0: 1, 1: -3, 2: 3, 3: -3, 4: 1}",6_2
19nh_221696692,19,"{0: 1, 1: -3, 2: 5, 3: -3, 4: 1}",6_3
19nh_221710672,19,"{0: 1, 1: -3, 2: 3, 3: -3, 4: 1}",6_2
19nh_221723437,19,"{0: 2, 1: -5, 2: 2}",6_1
19nh_221899731,19,"{0: 1, 1: -3, 2: 3, 3: -3, 4: 1}",6_2
19nh_221899730,19,"{0: 1, 1: -3, 2: 3, 3: -3, 4: 1}",6_2
19nh_221909702,19,"{0: 1, 1: -3, 2: 3, 3: -3, 4: 1}",6_2
19nh_221915190,19,"{0: 1, 1: -3, 2: 3, 3: -3, 4: 1}",6_2
19nh_221928709,19,"{0: 1, 1: -3, 2: 5, 3: -3, 4: 1}",6_3
19nh_221982826,19,"{0: 1, 1: -3, 2: 3, 3: -3, 4: 1}",6_2
19nh_221992169,19,"{0: 2, 1: -5, 2: 2}",6_1
19nh_222012659,19,"{0: 1, 1: -3, 2: 3, 3: -3, 4: 1}",6_2
19nh_222051816,19,"{0: 2, 1: -5, 2: 2}",6_1
19nh_222051817,19,"{0: 2, 1: -5, 2: 2}",6_1
19nh_222057827,19,"{0: 2, 1: -5, 2: 2}",6_1
19nh_222107352,19,"{0: 1, 1: -3, 2: 3, 3: -3, 4: 1}",6_2
19nh_222140228,19,"{0: 2, 1: -5, 2: 2}",6_1
19nh_222147643,19,"{0: 1, 1: -3, 2: 5, 3: -3, 4: 1}",6_3
19nh_222169595,19,"{0: 2, 1: -5, 2: 2}",6_1
19nh_222169597,19,"{0: 2, 1: -5, 2: 2}",6_1
19nh_222169596,19,"{0: 2, 1: -5, 2: 2}",6_1
19nh_222169598,19,"{0: 2, 1: -5, 2: 2}",6_1
19nh_222284300,19,"{0: 2, 1: -5, 2: 2}",6_1
19nh_222284299,19,"{0: 2, 1: -5, 2: 2}",6_1
19nh_222321368,19,"{0: 2, 1: -5, 2: 2}",6_1
19nh_222328114,19,"{0: 1, 1: -3, 2: 3, 3: -3, 4: 1}",6_2
19nh_222370463,19,"{0: 1, 1: -3, 2: 5, 3: -3, 4: 1}",6_3
19nh_222397583,19,"{0: 1, 1: -3, 2: 5, 3: -3, 4: 1}",6_3
19nh_222430145,19,"{0: 2, 1: -5, 2: 2}",6_1
19nh_222430146,19,"{0: 2, 1: -5, 2: 2}",6_1
19nh_222489675,19,"{0: 1, 1: -3, 2: 3, 3: -3, 4: 1}",6_2
19nh_222536760,19,"{0: 1, 1: -3, 2: 5, 3: -3, 4: 1}",6_3
19nh_222560617,19,"{0: 2, 1: -5, 2: 2}",6_1
19nh_222577758,19,"{0: 2, 1: -5, 2: 2}",6_1
19nh_222577757,19,"{0: 2, 1: -5, 2: 2}",6_1
19nh_222589113,19,"{0: 1, 1: -3, 2: 5, 3: -3, 4: 1}",6_3
19nh_222589114,19,"{0: 1, 1: -3, 2: 5, 3: -3, 4: 1}",6_3
19nh_222624309,19,"{0: 2, 1: -5, 2: 2}",6_1
19nh_222624310,19,"{0: 2, 1: -5, 2: 2}",6_1
19nh_222640676,19,"{0: 1, 1: -3, 2: 3, 3: -3, 4: 1}",6_2
19nh_222709797,19,"{0: 2, 1: -5, 2: 2}",6_1
19nh_222816173,19,"{0: 2, 1: -5, 2: 2}",6_1
19nh_222823444,19,"{0: 2, 1: -5, 2: 2}",6_1
19nh_222823443,19,"{0: 2, 1: -5, 2: 2}",6_1
19nh_222833821,19,"{0: 1, 1: -3, 2: 3, 3: -3, 4: 1}",6_2
19nh_222833822,19,"{0: 1, 1: -3, 2: 3, 3: -3, 4: 1}",6_2
19nh_222856451,19,"{0: 1, 1: -3, 2: 5, 3: -3, 4: 1}",6_3
19nh_222856693,19,"{0: 1, 1: -3, 2: 3, 3: -3, 4: 1}",6_2
19nh_222856694,19,"{0: 1, 1: -3, 2: 3, 3: -3, 4: 1}",6_2
19nh_222856695,19,"{0: 1, 1: -3, 2: 3, 3: -3, 4: 1}",6_2
19nh_222856696,19,"{0: 1, 1: -3, 2: 3, 3: -3, 4: 1}",6_2
19nh_222897306,19,"{0: 1, 1: -3, 2: 5, 3: -3, 4: 1}",6_3
19nh_222924133,19,"{0: 2, 1: -5, 2: 2}",6_1
19nh_222959085,19,"{0: 1, 1: -3, 2: 3, 3: -3, 4: 1}",6_2
19nh_222978341,19,"{0: 1, 1: -3, 2: 3, 3: -3, 4: 1}",6_2
19nh_222981405,19,"{0: 2, 1: -5, 2: 2}",6_1
19nh_222981406,19,"{0: 2, 1: -5, 2: 2}",6_1
19nh_223067731,19,"{0: 1, 1: -3, 2: 5, 3: -3, 4: 1}",6_3
19nh_223096084,19,"{0: 1, 1: -3, 2: 3, 3: -3, 4: 1}",6_2
19nh_223146193,19,"{0: 2, 1: -5, 2: 2}",6_1
19nh_223146194,19,"{0: 2, 1: -5, 2: 2}",6_1
19nh_223148389,19,"{0: 2, 1: -5, 2: 2}",6_1
19nh_223191763,19,"{0: 2, 1: -5, 2: 2}",6_1
19nh_223191764,19,"{0: 2, 1: -5, 2: 2}",6_1
19nh_223191765,19,"{0: 2, 1: -5, 2: 2}",6_1
19nh_223191766,19,"{0: 2, 1: -5, 2: 2}",6_1
19nh_223195989,19,"{0: 1, 1: -3, 2: 3, 3: -3, 4: 1}",6_2
19nh_223201624,19,"{0: 1, 1: -3, 2: 5, 3: -3, 4: 1}",6_3
19nh_223219868,19,"{0: 2, 1: -5, 2: 2}",6_1
19nh_223220846,19,"{0: 2, 1: -5, 2: 2}",6_1
19nh_223222072,19,"{0: 2, 1: -5, 2: 2}",6_1
19nh_223232521,19,"{0: 1, 1: -3, 2: 3, 3: -3, 4: 1}",6_2
19nh_223246377,19,"{0: 1, 1: -3, 2: 5, 3: -3, 4: 1}",6_3
19nh_223320960,19,"{0: 2, 1: -5, 2: 2}",6_1
19nh_223354055,19,"{0: 2, 1: -5, 2: 2}",6_1
19nh_223364781,19,"{0: 1, 1: -3, 2: 3, 3: -3, 4: 1}",6_2
19nh_223371087,19,"{0: 1, 1: -3, 2: 3, 3: -3, 4: 1}",6_2
19nh_223376716,19,"{0: 1, 1: -3, 2: 3, 3: -3, 4: 1}",6_2
19nh_223448679,19,"{0: 1, 1: -3, 2: 3, 3: -3, 4: 1}",6_2
19nh_223449179,19,"{0: 1, 1: -3, 2: 5, 3: -3, 4: 1}",6_3
19nh_223477357,19,"{0: 1, 1: -3, 2: 5, 3: -3, 4: 1}",6_3
19nh_223522742,19,"{0: 2, 1: -5, 2: 2}",6_1
19nh_223534950,19,"{0: 2, 1: -5, 2: 2}",6_1
19nh_223534951,19,"{0: 2, 1: -5, 2: 2}",6_1
19nh_223545493,19,"{0: 2, 1: -5, 2: 2}",6_1
19nh_223545494,19,"{0: 2, 1: -5, 2: 2}",6_1
19nh_223556050,19,"{0: 2, 1: -5, 2: 2}",6_1
19nh_223587935,19,"{0: 1, 1: -3, 2: 3, 3: -3, 4: 1}",6_2
19nh_223596215,19,"{0: 2, 1: -5, 2: 2}",6_1
19nh_223599688,19,"{0: 1, 1: -3, 2: 3, 3: -3, 4: 1}",6_2
19nh_223611573,19,"{0: 2, 1: -5, 2: 2}",6_1
19nh_223648054,19,"{0: 2, 1: -5, 2: 2}",6_1
19nh_223736626,19,"{0: 2, 1: -5, 2: 2}",6_1
19nh_223736627,19,"{0: 2, 1: -5, 2: 2}",6_1
19nh_223747396,19,"{0: 1, 1: -3, 2: 5, 3: -3, 4: 1}",6_3
19nh_223829483,19,"{0: 2, 1: -5, 2: 2}",6_1
19nh_223861118,19,"{0: 1, 1: -3, 2: 5, 3: -3, 4: 1}",6_3
19nh_223912606,19,"{0: 1, 1: -3, 2: 5, 3: -3, 4: 1}",6_3
19nh_223975908,19,"{0: 1, 1: -3, 2: 5, 3: -3, 4: 1}",6_3
19nh_224001717,19,"{0: 1, 1: -3, 2: 5, 3: -3, 4: 1}",6_3
19nh_224010225,19,"{0: 2, 1: -5, 2: 2}",6_1
19nh_224010226,19,"{0: 2, 1: -5, 2: 2}",6_1
19nh_224016866,19,"{0: 1, 1: -3, 2: 3, 3: -3, 4: 1}",6_2
19nh_224066442,19,"{0: 1, 1: -3, 2: 5, 3: -3, 4: 1}",6_3
19nh_224098107,19,"{0: 1, 1: -3, 2: 5, 3: -3, 4: 1}",6_3
19nh_224221485,19,"{0: 1, 1: -3, 2: 3, 3: -3, 4: 1}",6_2
19nh_224281973,19,"{0: 2, 1: -5, 2: 2}",6_1
19nh_224325580,19,"{0: 2, 1: -5, 2: 2}",6_1
19nh_224325579,19,"{0: 2, 1: -5, 2: 2}",6_1
19nh_224325582,19,"{0: 2, 1: -5, 2: 2}",6_1
19nh_224325581,19,"{0: 2, 1: -5, 2: 2}",6_1
19nh_224371871,19,"{0: 2, 1: -5, 2: 2}",6_1
19nh_224526516,19,"{0: 1, 1: -3, 2: 3, 3: -3, 4: 1}",6_2
19nh_224533019,19,"{0: 2, 1: -5, 2: 2}",6_1
19nh_224533018,19,"{0: 2, 1: -5, 2: 2}",6_1
19nh_224542130,19,"{0: 2, 1: -5, 2: 2}",6_1
19nh_224545420,19,"{0: 2, 1: -5, 2: 2}",6_1
19nh_224554649,19,"{0: 1, 1: -3, 2: 5, 3: -3, 4: 1}",6_3
19nh_224574922,19,"{0: 2, 1: -5, 2: 2}",6_1
19nh_224574921,19,"{0: 2, 1: -5, 2: 2}",6_1
19nh_224581491,19,"{0: 1, 1: -3, 2: 3, 3: -3, 4: 1}",6_2
19nh_224623613,19,"{0: 2, 1: -5, 2: 2}",6_1
19nh_224623612,19,"{0: 2, 1: -5, 2: 2}",6_1
19nh_224636667,19,"{0: 1, 1: -3, 2: 5, 3: -3, 4: 1}",6_3
19nh_224654985,19,"{0: 2, 1: -5, 2: 2}",6_1
19nh_224654986,19,"{0: 2, 1: -5, 2: 2}",6_1
19nh_224734769,19,"{0: 1, 1: -3, 2: 5, 3: -3, 4: 1}",6_3
19nh_224838687,19,"{0: 2, 1: -5, 2: 2}",6_1
19nh_224860843,19,"{0: 2, 1: -5, 2: 2}",6_1
19nh_224862485,19,"{0: 1, 1: -3, 2: 5, 3: -3, 4: 1}",6_3
19nh_224907907,19,"{0: 1, 1: -3, 2: 3, 3: -3, 4: 1}",6_2
19nh_224907906,19,"{0: 1, 1: -3, 2: 3, 3: -3, 4: 1}",6_2
19nh_224907908,19,"{0: 1, 1: -3, 2: 3, 3: -3, 4: 1}",6_2
19nh_224907909,19,"{0: 1, 1: -3, 2: 3, 3: -3, 4: 1}",6_2
19nh_225001753,19,"{0: 1, 1: -1, 2: 1, 3: -1, 4: 1}",5_1
19nh_225001754,19,"{0: 1, 1: -1, 2: 1, 3: -1, 4: 1}",5_1
19nh_225029156,19,"{0: 2, 1: -5, 2: 2}",6_1
19nh_225074521,19,"{0: 1, 1: -3, 2: 3, 3: -3, 4: 1}",6_2
19nh_225090168,19,"{0: 1, 1: -1, 2: 1, 3: -1, 4: 1}",5_1
19nh_225102409,19,"{0: 2, 1: -5, 2: 2}",6_1
19nh_225124673,19,"{0: 2, 1: -5, 2: 2}",6_1
19nh_225171425,19,"{0: 2, 1: -5, 2: 2}",6_1
19nh_225171424,19,"{0: 2, 1: -5, 2: 2}",6_1
19nh_225175255,19,"{0: 2, 1: -5, 2: 2}",6_1
19nh_225175254,19,"{0: 2, 1: -5, 2: 2}",6_1
19nh_225175256,19,"{0: 2, 1: -5, 2: 2}",6_1
19nh_225175253,19,"{0: 2, 1: -5, 2: 2}",6_1
19nh_225181266,19,"{0: 2, 1: -5, 2: 2}",6_1
19nh_225197003,19,"{0: 1, 1: -1, 2: 1, 3: -1, 4: 1}",5_1
19nh_225197004,19,"{0: 1, 1: -1, 2: 1, 3: -1, 4: 1}",5_1
19nh_225197005,19,"{0: 1, 1: -1, 2: 1, 3: -1, 4: 1}",5_1
19nh_225197006,19,"{0: 1, 1: -1, 2: 1, 3: -1, 4: 1}",5_1
19nh_225244994,19,"{0: 2, 1: -5, 2: 2}",6_1
19nh_225308524,19,"{0: 2, 1: -5, 2: 2}",6_1
19nh_225308523,19,"{0: 2, 1: -5, 2: 2}",6_1
19nh_225364440,19,"{0: 1, 1: -1, 2: 1, 3: -1, 4: 1}",5_1
19nh_225398243,19,"{0: 1, 1: -3, 2: 5, 3: -3, 4: 1}",6_3
19nh_225455557,19,"{0: 2, 1: -5, 2: 2}",6_1
19nh_225486781,19,"{0: 1, 1: -3, 2: 3, 3: -3, 4: 1}",6_2
19nh_225505687,19,"{0: 1, 1: -3, 2: 5, 3: -3, 4: 1}",6_3
19nh_225582036,19,"{0: 2, 1: -5, 2: 2}",6_1
19nh_225582444,19,"{0: 2, 1: -5, 2: 2}",6_1
19nh_225582445,19,"{0: 2, 1: -5, 2: 2}",6_1
19nh_225583619,19,"{0: 1, 1: -3, 2: 5, 3: -3, 4: 1}",6_3
19nh_225615132,19,"{0: 2, 1: -5, 2: 2}",6_1
19nh_225615131,19,"{0: 2, 1: -5, 2: 2}",6_1
19nh_225617518,19,"{0: 1, 1: -3, 2: 5, 3: -3, 4: 1}",6_3
19nh_225656960,19,"{0: 1, 1: -1, 2: 1, 3: -1, 4: 1}",5_1
19nh_225660272,19,"{0: 1, 1: -1, 2: 1, 3: -1, 4: 1}",5_1
19nh_225684462,19,"{0: 1, 1: -3, 2: 5, 3: -3, 4: 1}",6_3
19nh_225684463,19,"{0: 1, 1: -3, 2: 5, 3: -3, 4: 1}",6_3
19nh_225684464,19,"{0: 1, 1: -3, 2: 5, 3: -3, 4: 1}",6_3
19nh_225684465,19,"{0: 1, 1: -3, 2: 5, 3: -3, 4: 1}",6_3
19nh_225698515,19,"{0: 1, 1: -1, 2: 1, 3: -1, 4: 1}",5_1
19nh_225698516,19,"{0: 1, 1: -1, 2: 1, 3: -1, 4: 1}",5_1
19nh_225698517,19,"{0: 1, 1: -1, 2: 1, 3: -1, 4: 1}",5_1
19nh_225698518,19,"{0: 1, 1: -1, 2: 1, 3: -1, 4: 1}",5_1
19nh_225736355,19,"{0: 1, 1: -3, 2: 5, 3: -3, 4: 1}",6_3
19nh_225736356,19,"{0: 1, 1: -3, 2: 5, 3: -3, 4: 1}",6_3
19nh_225736357,19,"{0: 1, 1: -3, 2: 5, 3: -3, 4: 1}",6_3
19nh_225736358,19,"{0: 1, 1: -3, 2: 5, 3: -3, 4: 1}",6_3
19nh_225737761,19,"{0: 2, 1: -5, 2: 2}",6_1
19nh_225737762,19,"{0: 2, 1: -5, 2: 2}",6_1
19nh_225766290,19,"{0: 1, 1: -3, 2: 3, 3: -3, 4: 1}",6_2
19nh_225766291,19,"{0: 1, 1: -3, 2: 3, 3: -3, 4: 1}",6_2
19nh_225847732,19,"{0: 2, 1: -5, 2: 2}",6_1
19nh_225847731,19,"{0: 2, 1: -5, 2: 2}",6_1
19nh_225878108,19,"{0: 1, 1: -3, 2: 3, 3: -3, 4: 1}",6_2
19nh_225916606,19,"{0: 1, 1: -3, 2: 5, 3: -3, 4: 1}",6_3
19nh_225967101,19,"{0: 1, 1: -3, 2: 5, 3: -3, 4: 1}",6_3
19nh_225967100,19,"{0: 1, 1: -3, 2: 5, 3: -3, 4: 1}",6_3
19nh_225975720,19,"{0: 2, 1: -5, 2: 2}",6_1
19nh_226000288,19,"{0: 1, 1: -3, 2: 3, 3: -3, 4: 1}",6_2
19nh_226015248,19,"{0: 1, 1: -3, 2: 5, 3: -3, 4: 1}",6_3
19nh_226027380,19,"{0: 1, 1: -3, 2: 5, 3: -3, 4: 1}",6_3
19nh_226141193,19,"{0: 1, 1: -3, 2: 5, 3: -3, 4: 1}",6_3
19nh_226160261,19,"{0: 1, 1: -1, 2: 1, 3: -1, 4: 1}",5_1
19nh_226196641,19,"{0: 2, 1: -5, 2: 2}",6_1
19nh_226196642,19,"{0: 2, 1: -5, 2: 2}",6_1
19nh_226196643,19,"{0: 2, 1: -5, 2: 2}",6_1
19nh_226196644,19,"{0: 2, 1: -5, 2: 2}",6_1
19nh_226233819,19,"{0: 1, 1: -3, 2: 5, 3: -3, 4: 1}",6_3
19nh_226258327,19,"{0: 2, 1: -5, 2: 2}",6_1
19nh_226292238,19,"{0: 2, 1: -5, 2: 2}",6_1
19nh_226305430,19,"{0: 1, 1: -3, 2: 3, 3: -3, 4: 1}",6_2
19nh_226305429,19,"{0: 1, 1: -3, 2: 3, 3: -3, 4: 1}",6_2
19nh_226318732,19,"{0: 2, 1: -5, 2: 2}",6_1
19nh_226341723,19,"{0: 1, 1: -3, 2: 3, 3: -3, 4: 1}",6_2
19nh_226341724,19,"{0: 1, 1: -3, 2: 3, 3: -3, 4: 1}",6_2
19nh_226423029,19,"{0: 1, 1: -3, 2: 5, 3: -3, 4: 1}",6_3
19nh_226441586,19,"{0: 2, 1: -5, 2: 2}",6_1
19nh_226452270,19,"{0: 1, 1: -3, 2: 5, 3: -3, 4: 1}",6_3
19nh_226456028,19,"{0: 1, 1: -3, 2: 3, 3: -3, 4: 1}",6_2
19nh_226464400,19,"{0: 1, 1: -3, 2: 3, 3: -3, 4: 1}",6_2
19nh_226471449,19,"{0: 1, 1: -3, 2: 5, 3: -3, 4: 1}",6_3
19nh_226475300,19,"{0: 2, 1: -5, 2: 2}",6_1
19nh_226539436,19,"{0: 1, 1: -3, 2: 5, 3: -3, 4: 1}",6_3
19nh_226551510,19,"{0: 1, 1: -1, 2: 1, 3: -1, 4: 1}",5_1
19nh_226594555,19,"{0: 1, 1: -3, 2: 3, 3: -3, 4: 1}",6_2
19nh_226676013,19,"{0: 1, 1: -3, 2: 5, 3: -3, 4: 1}",6_3
19nh_226680681,19,"{0: 2, 1: -5, 2: 2}",6_1
19nh_226680682,19,"{0: 2, 1: -5, 2: 2}",6_1
19nh_226702014,19,"{0: 2, 1: -5, 2: 2}",6_1
19nh_226706000,19,"{0: 1, 1: -3, 2: 5, 3: -3, 4: 1}",6_3
19nh_226706747,19,"{0: 2, 1: -5, 2: 2}",6_1
19nh_226715264,19,"{0: 1, 1: -3, 2: 5, 3: -3, 4: 1}",6_3
19nh_226715266,19,"{0: 1, 1: -3, 2: 5, 3: -3, 4: 1}",6_3
19nh_226715265,19,"{0: 1, 1: -3, 2: 5, 3: -3, 4: 1}",6_3
19nh_226715267,19,"{0: 1, 1: -3, 2: 5, 3: -3, 4: 1}",6_3
19nh_226776211,19,"{0: 1, 1: -3, 2: 3, 3: -3, 4: 1}",6_2
19nh_226792218,19,"{0: 1, 1: -3, 2: 5, 3: -3, 4: 1}",6_3
19nh_226792217,19,"{0: 1, 1: -3, 2: 5, 3: -3, 4: 1}",6_3
19nh_226837785,19,"{0: 2, 1: -5, 2: 2}",6_1
19nh_226837786,19,"{0: 2, 1: -5, 2: 2}",6_1
19nh_226872764,19,"{0: 1, 1: -3, 2: 5, 3: -3, 4: 1}",6_3
19nh_226873212,19,"{0: 1, 1: -3, 2: 3, 3: -3, 4: 1}",6_2
19nh_226899547,19,"{0: 2, 1: -5, 2: 2}",6_1
19nh_226899546,19,"{0: 2, 1: -5, 2: 2}",6_1
19nh_226963015,19,"{0: 2, 1: -5, 2: 2}",6_1
19nh_226963014,19,"{0: 2, 1: -5, 2: 2}",6_1
19nh_226972121,19,"{0: 1, 1: -3, 2: 3, 3: -3, 4: 1}",6_2
19nh_226998567,19,"{0: 1, 1: -3, 2: 3, 3: -3, 4: 1}",6_2
19nh_226998568,19,"{0: 1, 1: -3, 2: 3, 3: -3, 4: 1}",6_2
19nh_226998569,19,"{0: 1, 1: -3, 2: 3, 3: -3, 4: 1}",6_2
19nh_226998570,19,"{0: 1, 1: -3, 2: 3, 3: -3, 4: 1}",6_2
19nh_226999706,19,"{0: 1, 1: -3, 2: 3, 3: -3, 4: 1}",6_2
19nh_227007620,19,"{0: 1, 1: -3, 2: 3, 3: -3, 4: 1}",6_2
19nh_227086662,19,"{0: 2, 1: -5, 2: 2}",6_1
19nh_227192568,19,"{0: 2, 1: -5, 2: 2}",6_1
19nh_227272155,19,"{0: 1, 1: -3, 2: 5, 3: -3, 4: 1}",6_3
19nh_227278584,19,"{0: 2, 1: -5, 2: 2}",6_1
19nh_227299116,19,"{0: 2, 1: -5, 2: 2}",6_1
19nh_227319206,19,"{0: 2, 1: -5, 2: 2}",6_1
19nh_227319207,19,"{0: 2, 1: -5, 2: 2}",6_1
19nh_227347456,19,"{0: 1, 1: -3, 2: 5, 3: -3, 4: 1}",6_3
19nh_227389016,19,"{0: 2, 1: -5, 2: 2}",6_1
19nh_227389013,19,"{0: 2, 1: -5, 2: 2}",6_1
19nh_227389015,19,"{0: 2, 1: -5, 2: 2}",6_1
19nh_227389014,19,"{0: 2, 1: -5, 2: 2}",6_1
19nh_227450141,19,"{0: 2, 1: -5, 2: 2}",6_1
19nh_227450142,19,"{0: 2, 1: -5, 2: 2}",6_1
19nh_227450143,19,"{0: 2, 1: -5, 2: 2}",6_1
19nh_227450144,19,"{0: 2, 1: -5, 2: 2}",6_1
19nh_227450145,19,"{0: 2, 1: -5, 2: 2}",6_1
19nh_227450147,19,"{0: 2, 1: -5, 2: 2}",6_1
19nh_227450146,19,"{0: 2, 1: -5, 2: 2}",6_1
19nh_227450148,19,"{0: 2, 1: -5, 2: 2}",6_1
19nh_227548516,19,"{0: 1, 1: -3, 2: 3, 3: -3, 4: 1}",6_2
19nh_227551351,19,"{0: 1, 1: -3, 2: 3, 3: -3, 4: 1}",6_2
19nh_227656797,19,"{0: 1, 1: -3, 2: 5, 3: -3, 4: 1}",6_3
19nh_227656798,19,"{0: 1, 1: -3, 2: 5, 3: -3, 4: 1}",6_3
19nh_227656800,19,"{0: 1, 1: -3, 2: 5, 3: -3, 4: 1}",6_3
19nh_227656799,19,"{0: 1, 1: -3, 2: 5, 3: -3, 4: 1}",6_3
19nh_227668594,19,"{0: 2, 1: -5, 2: 2}",6_1
19nh_227668595,19,"{0: 2, 1: -5, 2: 2}",6_1
19nh_227668597,19,"{0: 2, 1: -5, 2: 2}",6_1
19nh_227668596,19,"{0: 2, 1: -5, 2: 2}",6_1
19nh_227693039,19,"{0: 2, 1: -5, 2: 2}",6_1
19nh_227693040,19,"{0: 2, 1: -5, 2: 2}",6_1
19nh_227703922,19,"{0: 1, 1: -3, 2: 3, 3: -3, 4: 1}",6_2
19nh_227729556,19,"{0: 1, 1: -1, 2: 1, 3: -1, 4: 1}",5_1
19nh_227784775,19,"{0: 1, 1: -3, 2: 3, 3: -3, 4: 1}",6_2
19nh_227792341,19,"{0: 1, 1: -3, 2: 5, 3: -3, 4: 1}",6_3
19nh_227888373,19,"{0: 1, 1: -3, 2: 3, 3: -3, 4: 1}",6_2
19nh_227968032,19,"{0: 2, 1: -5, 2: 2}",6_1
19nh_228025675,19,"{0: 1, 1: -3, 2: 5, 3: -3, 4: 1}",6_3
19nh_228025790,19,"{0: 2, 1: -5, 2: 2}",6_1
19nh_228025791,19,"{0: 2, 1: -5, 2: 2}",6_1
19nh_228071451,19,"{0: 2, 1: -5, 2: 2}",6_1
19nh_228071452,19,"{0: 2, 1: -5, 2: 2}",6_1
19nh_228114437,19,"{0: 2, 1: -5, 2: 2}",6_1
19nh_228121885,19,"{0: 1, 1: -3, 2: 5, 3: -3, 4: 1}",6_3
19nh_228132612,19,"{0: 1, 1: -3, 2: 5, 3: -3, 4: 1}",6_3
19nh_228215020,19,"{0: 2, 1: -5, 2: 2}",6_1
19nh_228215021,19,"{0: 2, 1: -5, 2: 2}",6_1
19nh_228215022,19,"{0: 2, 1: -5, 2: 2}",6_1
19nh_228215023,19,"{0: 2, 1: -5, 2: 2}",6_1
19nh_228235049,19,"{0: 2, 1: -5, 2: 2}",6_1
19nh_228275794,19,"{0: 2, 1: -5, 2: 2}",6_1
19nh_228339093,19,"{0: 1, 1: -3, 2: 3, 3: -3, 4: 1}",6_2
19nh_228341043,19,"{0: 1, 1: -1, 2: 1, 3: -1, 4: 1}",5_1
19nh_228341044,19,"{0: 1, 1: -1, 2: 1, 3: -1, 4: 1}",5_1
19nh_228341045,19,"{0: 1, 1: -1, 2: 1, 3: -1, 4: 1}",5_1
19nh_228341046,19,"{0: 1, 1: -1, 2: 1, 3: -1, 4: 1}",5_1
19nh_228350993,19,"{0: 2, 1: -5, 2: 2}",6_1
19nh_228387565,19,"{0: 1, 1: -1, 2: 1, 3: -1, 4: 1}",5_1
19nh_228392355,19,"{0: 2, 1: -5, 2: 2}",6_1
19nh_228453787,19,"{0: 1, 1: -3, 2: 3, 3: -3, 4: 1}",6_2
19nh_228596879,19,"{0: 2, 1: -5, 2: 2}",6_1
19nh_228606898,19,"{0: 1, 1: -3, 2: 3, 3: -3, 4: 1}",6_2
19nh_228612730,19,"{0: 2, 1: -5, 2: 2}",6_1
19nh_228638239,19,"{0: 1, 1: -3, 2: 5, 3: -3, 4: 1}",6_3
19nh_228638240,19,"{0: 1, 1: -3, 2: 5, 3: -3, 4: 1}",6_3
19nh_228638242,19,"{0: 1, 1: -3, 2: 5, 3: -3, 4: 1}",6_3
19nh_228638241,19,"{0: 1, 1: -3, 2: 5, 3: -3, 4: 1}",6_3
19nh_228638243,19,"{0: 1, 1: -3, 2: 5, 3: -3, 4: 1}",6_3
19nh_228638245,19,"{0: 1, 1: -3, 2: 5, 3: -3, 4: 1}",6_3
19nh_228638244,19,"{0: 1, 1: -3, 2: 5, 3: -3, 4: 1}",6_3
19nh_228638246,19,"{0: 1, 1: -3, 2: 5, 3: -3, 4: 1}",6_3
19nh_228644754,19,"{0: 1, 1: -3, 2: 3, 3: -3, 4: 1}",6_2
19nh_228780484,19,"{0: 1, 1: -3, 2: 3, 3: -3, 4: 1}",6_2
19nh_228783743,19,"{0: 1, 1: -3, 2: 5, 3: -3, 4: 1}",6_3
19nh_228783744,19,"{0: 1, 1: -3, 2: 5, 3: -3, 4: 1}",6_3
19nh_228795331,19,"{0: 1, 1: -3, 2: 5, 3: -3, 4: 1}",6_3
19nh_228825301,19,"{0: 2, 1: -5, 2: 2}",6_1
19nh_228857552,19,"{0: 1, 1: -3, 2: 3, 3: -3, 4: 1}",6_2
19nh_228887770,19,"{0: 1, 1: -3, 2: 5, 3: -3, 4: 1}",6_3
19nh_228887771,19,"{0: 1, 1: -3, 2: 5, 3: -3, 4: 1}",6_3
19nh_228906416,19,"{0: 1, 1: -3, 2: 3, 3: -3, 4: 1}",6_2
19nh_228921848,19,"{0: 2, 1: -5, 2: 2}",6_1
19nh_228921849,19,"{0: 2, 1: -5, 2: 2}",6_1
19nh_228921850,19,"{0: 2, 1: -5, 2: 2}",6_1
19nh_228921851,19,"{0: 2, 1: -5, 2: 2}",6_1
19nh_228953338,19,"{0: 2, 1: -5, 2: 2}",6_1
19nh_228953339,19,"{0: 2, 1: -5, 2: 2}",6_1
19nh_228972000,19,"{0: 1, 1: -3, 2: 3, 3: -3, 4: 1}",6_2
19nh_229019185,19,"{0: 2, 1: -5, 2: 2}",6_1
19nh_229022756,19,"{0: 2, 1: -5, 2: 2}",6_1
19nh_229038741,19,"{0: 2, 1: -5, 2: 2}",6_1
19nh_229039648,19,"{0: 1, 1: -3, 2: 5, 3: -3, 4: 1}",6_3
19nh_229150387,19,"{0: 1, 1: -1, 2: 1, 3: -1, 4: 1}",5_1
19nh_229180266,19,"{0: 1, 1: -3, 2: 5, 3: -3, 4: 1}",6_3
19nh_229180265,19,"{0: 1, 1: -3, 2: 5, 3: -3, 4: 1}",6_3
19nh_229180267,19,"{0: 1, 1: -3, 2: 5, 3: -3, 4: 1}",6_3
19nh_229180268,19,"{0: 1, 1: -3, 2: 5, 3: -3, 4: 1}",6_3
19nh_229236348,19,"{0: 2, 1: -5, 2: 2}",6_1
19nh_229236347,19,"{0: 2, 1: -5, 2: 2}",6_1
19nh_229236350,19,"{0: 2, 1: -5, 2: 2}",6_1
19nh_229236349,19,"{0: 2, 1: -5, 2: 2}",6_1
19nh_229251500,19,"{0: 1, 1: -3, 2: 3, 3: -3, 4: 1}",6_2
19nh_229267540,19,"{0: 1, 1: -3, 2: 5, 3: -3, 4: 1}",6_3
19nh_229273865,19,"{0: 1, 1: -3, 2: 3, 3: -3, 4: 1}",6_2
19nh_229273867,19,"{0: 1, 1: -3, 2: 3, 3: -3, 4: 1}",6_2
19nh_229273866,19,"{0: 1, 1: -3, 2: 3, 3: -3, 4: 1}",6_2
19nh_229273868,19,"{0: 1, 1: -3, 2: 3, 3: -3, 4: 1}",6_2
19nh_229275573,19,"{0: 1, 1: -3, 2: 3, 3: -3, 4: 1}",6_2
19nh_229414104,19,"{0: 1, 1: -3, 2: 5, 3: -3, 4: 1}",6_3
19nh_229445056,19,"{0: 2, 1: -5, 2: 2}",6_1
19nh_229445058,19,"{0: 2, 1: -5, 2: 2}",6_1
19nh_229445059,19,"{0: 2, 1: -5, 2: 2}",6_1
19nh_229445057,19,"{0: 2, 1: -5, 2: 2}",6_1
19nh_229450067,19,"{0: 1, 1: -3, 2: 3, 3: -3, 4: 1}",6_2
19nh_229450066,19,"{0: 1, 1: -3, 2: 3, 3: -3, 4: 1}",6_2
19nh_229450068,19,"{0: 1, 1: -3, 2: 3, 3: -3, 4: 1}",6_2
19nh_229450069,19,"{0: 1, 1: -3, 2: 3, 3: -3, 4: 1}",6_2
19nh_229456369,19,"{0: 1, 1: -3, 2: 5, 3: -3, 4: 1}",6_3
19nh_229456370,19,"{0: 1, 1: -3, 2: 5, 3: -3, 4: 1}",6_3
19nh_229524844,19,"{0: 1, 1: -1, 2: 1, 3: -1, 4: 1}",5_1
19nh_229561235,19,"{0: 1, 1: -3, 2: 3, 3: -3, 4: 1}",6_2
19nh_229606193,19,"{0: 2, 1: -5, 2: 2}",6_1
19nh_229646349,19,"{0: 1, 1: -3, 2: 3, 3: -3, 4: 1}",6_2
19nh_229647125,19,"{0: 2, 1: -5, 2: 2}",6_1
19nh_229679100,19,"{0: 2, 1: -5, 2: 2}",6_1
19nh_229679101,19,"{0: 2, 1: -5, 2: 2}",6_1
19nh_229697941,19,"{0: 1, 1: -3, 2: 3, 3: -3, 4: 1}",6_2
19nh_229707794,19,"{0: 1, 1: -3, 2: 5, 3: -3, 4: 1}",6_3
19nh_229736011,19,"{0: 1, 1: -3, 2: 3, 3: -3, 4: 1}",6_2
19nh_229736012,19,"{0: 1, 1: -3, 2: 3, 3: -3, 4: 1}",6_2
19nh_229736014,19,"{0: 1, 1: -3, 2: 3, 3: -3, 4: 1}",6_2
19nh_229736013,19,"{0: 1, 1: -3, 2: 3, 3: -3, 4: 1}",6_2
19nh_229743411,19,"{0: 2, 1: -5, 2: 2}",6_1
19nh_229743412,19,"{0: 2, 1: -5, 2: 2}",6_1
19nh_229765293,19,"{0: 1, 1: -3, 2: 5, 3: -3, 4: 1}",6_3
19nh_229791578,19,"{0: 1, 1: -3, 2: 3, 3: -3, 4: 1}",6_2
19nh_229791579,19,"{0: 1, 1: -3, 2: 3, 3: -3, 4: 1}",6_2
19nh_229791580,19,"{0: 1, 1: -3, 2: 3, 3: -3, 4: 1}",6_2
19nh_229791581,19,"{0: 1, 1: -3, 2: 3, 3: -3, 4: 1}",6_2
19nh_229859410,19,"{0: 1, 1: -3, 2: 3, 3: -3, 4: 1}",6_2
19nh_229883378,19,"{0: 1, 1: -3, 2: 3, 3: -3, 4: 1}",6_2
19nh_229883376,19,"{0: 1, 1: -3, 2: 3, 3: -3, 4: 1}",6_2
19nh_229883377,19,"{0: 1, 1: -3, 2: 3, 3: -3, 4: 1}",6_2
19nh_229883375,19,"{0: 1, 1: -3, 2: 3, 3: -3, 4: 1}",6_2
19nh_229896740,19,"{0: 1, 1: -3, 2: 5, 3: -3, 4: 1}",6_3
19nh_229942733,19,"{0: 2, 1: -5, 2: 2}",6_1
19nh_229973851,19,"{0: 2, 1: -5, 2: 2}",6_1
19nh_229973852,19,"{0: 2, 1: -5, 2: 2}",6_1
19nh_229973853,19,"{0: 2, 1: -5, 2: 2}",6_1
19nh_229973854,19,"{0: 2, 1: -5, 2: 2}",6_1
19nh_230022984,19,"{0: 2, 1: -5, 2: 2}",6_1
19nh_230025594,19,"{0: 1, 1: -3, 2: 3, 3: -3, 4: 1}",6_2
19nh_230050567,19,"{0: 1, 1: -3, 2: 3, 3: -3, 4: 1}",6_2
19nh_230091749,19,"{0: 2, 1: -5, 2: 2}",6_1
19nh_230091748,19,"{0: 2, 1: -5, 2: 2}",6_1
19nh_230124633,19,"{0: 1, 1: -3, 2: 3, 3: -3, 4: 1}",6_2
19nh_230124632,19,"{0: 1, 1: -3, 2: 3, 3: -3, 4: 1}",6_2
19nh_230124634,19,"{0: 1, 1: -3, 2: 3, 3: -3, 4: 1}",6_2
19nh_230124635,19,"{0: 1, 1: -3, 2: 3, 3: -3, 4: 1}",6_2
19nh_230138439,19,"{0: 1, 1: -3, 2: 3, 3: -3, 4: 1}",6_2
19nh_230183158,19,"{0: 1, 1: -3, 2: 3, 3: -3, 4: 1}",6_2
19nh_230196181,19,"{0: 1, 1: -3, 2: 5, 3: -3, 4: 1}",6_3
19nh_230203992,19,"{0: 1, 1: -3, 2: 5, 3: -3, 4: 1}",6_3
19nh_230223919,19,"{0: 1, 1: -3, 2: 5, 3: -3, 4: 1}",6_3
19nh_230269802,19,"{0: 2, 1: -5, 2: 2}",6_1
19nh_230344783,19,"{0: 1, 1: -1, 2: 1, 3: -1, 4: 1}",5_1
19nh_230344784,19,"{0: 1, 1: -1, 2: 1, 3: -1, 4: 1}",5_1
19nh_230361127,19,"{0: 1, 1: -3, 2: 5, 3: -3, 4: 1}",6_3
19nh_230503730,19,"{0: 1, 1: -3, 2: 3, 3: -3, 4: 1}",6_2
19nh_230569431,19,"{0: 1, 1: -3, 2: 5, 3: -3, 4: 1}",6_3
19nh_230652134,19,"{0: 2, 1: -5, 2: 2}",6_1
19nh_230652133,19,"{0: 2, 1: -5, 2: 2}",6_1
19nh_230745782,19,"{0: 1, 1: -3, 2: 3, 3: -3, 4: 1}",6_2
19nh_230745783,19,"{0: 1, 1: -3, 2: 3, 3: -3, 4: 1}",6_2
19nh_230753907,19,"{0: 1, 1: -3, 2: 5, 3: -3, 4: 1}",6_3
19nh_230790341,19,"{0: 1, 1: -3, 2: 3, 3: -3, 4: 1}",6_2
19nh_230800299,19,"{0: 2, 1: -5, 2: 2}",6_1
19nh_230800300,19,"{0: 2, 1: -5, 2: 2}",6_1
19nh_230804896,19,"{0: 1, 1: -1, 2: 1, 3: -1, 4: 1}",5_1
19nh_230819149,19,"{0: 1, 1: -3, 2: 5, 3: -3, 4: 1}",6_3
19nh_230935169,19,"{0: 1, 1: -3, 2: 5, 3: -3, 4: 1}",6_3
19nh_230935170,19,"{0: 1, 1: -3, 2: 5, 3: -3, 4: 1}",6_3
19nh_230936025,19,"{0: 1, 1: -3, 2: 3, 3: -3, 4: 1}",6_2
19nh_230939332,19,"{0: 1, 1: -3, 2: 5, 3: -3, 4: 1}",6_3
19nh_231051212,19,"{0: 1, 1: -1, 2: 1, 3: -1, 4: 1}",5_1
19nh_231190735,19,"{0: 2, 1: -5, 2: 2}",6_1
19nh_231194402,19,"{0: 1, 1: -3, 2: 3, 3: -3, 4: 1}",6_2
19nh_231237891,19,"{0: 1, 1: -3, 2: 5, 3: -3, 4: 1}",6_3
19nh_231340002,19,"{0: 2, 1: -5, 2: 2}",6_1
19nh_231340003,19,"{0: 2, 1: -5, 2: 2}",6_1
19nh_231340004,19,"{0: 2, 1: -5, 2: 2}",6_1
19nh_231340007,19,"{0: 2, 1: -5, 2: 2}",6_1
19nh_231340005,19,"{0: 2, 1: -5, 2: 2}",6_1
19nh_231340006,19,"{0: 2, 1: -5, 2: 2}",6_1
19nh_231340008,19,"{0: 2, 1: -5, 2: 2}",6_1
19nh_231340009,19,"{0: 2, 1: -5, 2: 2}",6_1
19nh_231436074,19,"{0: 2, 1: -5, 2: 2}",6_1
19nh_231501279,19,"{0: 2, 1: -5, 2: 2}",6_1
19nh_231501280,19,"{0: 2, 1: -5, 2: 2}",6_1
19nh_231504098,19,"{0: 2, 1: -5, 2: 2}",6_1
19nh_231607708,19,"{0: 1, 1: -3, 2: 3, 3: -3, 4: 1}",6_2
19nh_231607709,19,"{0: 1, 1: -3, 2: 3, 3: -3, 4: 1}",6_2
19nh_231607707,19,"{0: 1, 1: -3, 2: 3, 3: -3, 4: 1}",6_2
19nh_231607710,19,"{0: 1, 1: -3, 2: 3, 3: -3, 4: 1}",6_2
19nh_231607711,19,"{0: 1, 1: -3, 2: 3, 3: -3, 4: 1}",6_2
19nh_231607712,19,"{0: 1, 1: -3, 2: 3, 3: -3, 4: 1}",6_2
19nh_231607713,19,"{0: 1, 1: -3, 2: 3, 3: -3, 4: 1}",6_2
19nh_231607714,19,"{0: 1, 1: -3, 2: 3, 3: -3, 4: 1}",6_2
19nh_231607716,19,"{0: 1, 1: -3, 2: 3, 3: -3, 4: 1}",6_2
19nh_231607715,19,"{0: 1, 1: -3, 2: 3, 3: -3, 4: 1}",6_2
19nh_231607719,19,"{0: 1, 1: -3, 2: 3, 3: -3, 4: 1}",6_2
19nh_231607717,19,"{0: 1, 1: -3, 2: 3, 3: -3, 4: 1}",6_2
19nh_231607718,19,"{0: 1, 1: -3, 2: 3, 3: -3, 4: 1}",6_2
19nh_231607722,19,"{0: 1, 1: -3, 2: 3, 3: -3, 4: 1}",6_2
19nh_231607720,19,"{0: 1, 1: -3, 2: 3, 3: -3, 4: 1}",6_2
19nh_231607721,19,"{0: 1, 1: -3, 2: 3, 3: -3, 4: 1}",6_2
19nh_231628567,19,"{0: 2, 1: -5, 2: 2}",6_1
19nh_231649102,19,"{0: 1, 1: -3, 2: 5, 3: -3, 4: 1}",6_3
19nh_231696091,19,"{0: 2, 1: -5, 2: 2}",6_1
19nh_231714944,19,"{0: 1, 1: -3, 2: 3, 3: -3, 4: 1}",6_2
19nh_231714945,19,"{0: 1, 1: -3, 2: 3, 3: -3, 4: 1}",6_2
19nh_231731872,19,"{0: 1, 1: -3, 2: 5, 3: -3, 4: 1}",6_3
19nh_231753091,19,"{0: 1, 1: -1, 2: 1, 3: -1, 4: 1}",5_1
19nh_231787683,19,"{0: 1, 1: -3, 2: 5, 3: -3, 4: 1}",6_3
19nh_231796494,19,"{0: 2, 1: -5, 2: 2}",6_1
19nh_231796495,19,"{0: 2, 1: -5, 2: 2}",6_1
19nh_231815718,19,"{0: 1, 1: -3, 2: 3, 3: -3, 4: 1}",6_2
19nh_231820369,19,"{0: 2, 1: -5, 2: 2}",6_1
19nh_231859407,19,"{0: 1, 1: -3, 2: 5, 3: -3, 4: 1}",6_3
19nh_231914551,19,"{0: 2, 1: -5, 2: 2}",6_1
19nh_231938970,19,"{0: 2, 1: -5, 2: 2}",6_1
19nh_231968459,19,"{0: 1, 1: -1, 2: 1, 3: -1, 4: 1}",5_1
19nh_231968726,19,"{0: 2, 1: -5, 2: 2}",6_1
19nh_232011056,19,"{0: 1, 1: -3, 2: 3, 3: -3, 4: 1}",6_2
19nh_232035357,19,"{0: 1, 1: -3, 2: 3, 3: -3, 4: 1}",6_2
19nh_232041281,19,"{0: 1, 1: -3, 2: 5, 3: -3, 4: 1}",6_3
19nh_232041283,19,"{0: 1, 1: -3, 2: 5, 3: -3, 4: 1}",6_3
19nh_232041282,19,"{0: 1, 1: -3, 2: 5, 3: -3, 4: 1}",6_3
19nh_232041284,19,"{0: 1, 1: -3, 2: 5, 3: -3, 4: 1}",6_3
19nh_232063496,19,"{0: 2, 1: -5, 2: 2}",6_1
19nh_232065178,19,"{0: 1, 1: -3, 2: 5, 3: -3, 4: 1}",6_3
19nh_232078244,19,"{0: 1, 1: -3, 2: 5, 3: -3, 4: 1}",6_3
19nh_232173872,19,"{0: 2, 1: -5, 2: 2}",6_1
19nh_232251354,19,"{0: 1, 1: -1, 2: 1, 3: -1, 4: 1}",5_1
19nh_232263756,19,"{0: 1, 1: -3, 2: 5, 3: -3, 4: 1}",6_3
19nh_232263757,19,"{0: 1, 1: -3, 2: 5, 3: -3, 4: 1}",6_3
19nh_232263758,19,"{0: 1, 1: -3, 2: 5, 3: -3, 4: 1}",6_3
19nh_232263759,19,"{0: 1, 1: -3, 2: 5, 3: -3, 4: 1}",6_3
19nh_232269948,19,"{0: 2, 1: -5, 2: 2}",6_1
19nh_232269947,19,"{0: 2, 1: -5, 2: 2}",6_1
19nh_232303280,19,"{0: 2, 1: -5, 2: 2}",6_1
19nh_232317825,19,"{0: 1, 1: -3, 2: 5, 3: -3, 4: 1}",6_3
19nh_232317826,19,"{0: 1, 1: -3, 2: 5, 3: -3, 4: 1}",6_3
19nh_232317827,19,"{0: 1, 1: -3, 2: 5, 3: -3, 4: 1}",6_3
19nh_232317828,19,"{0: 1, 1: -3, 2: 5, 3: -3, 4: 1}",6_3
19nh_232338275,19,"{0: 1, 1: -1, 2: 1, 3: -1, 4: 1}",5_1
19nh_232362136,19,"{0: 2, 1: -5, 2: 2}",6_1
19nh_232420628,19,"{0: 1, 1: -3, 2: 3, 3: -3, 4: 1}",6_2
19nh_232469474,19,"{0: 1, 1: -1, 2: 1, 3: -1, 4: 1}",5_1
19nh_232471296,19,"{0: 1, 1: -3, 2: 5, 3: -3, 4: 1}",6_3
19nh_232592803,19,"{0: 1, 1: -3, 2: 5, 3: -3, 4: 1}",6_3
19nh_232649701,19,"{0: 2, 1: -5, 2: 2}",6_1
19nh_232709533,19,"{0: 1, 1: -3, 2: 3, 3: -3, 4: 1}",6_2
19nh_232710528,19,"{0: 2, 1: -5, 2: 2}",6_1
19nh_232781597,19,"{0: 1, 1: -3, 2: 3, 3: -3, 4: 1}",6_2
19nh_232856445,19,"{0: 1, 1: -3, 2: 5, 3: -3, 4: 1}",6_3
19nh_232856444,19,"{0: 1, 1: -3, 2: 5, 3: -3, 4: 1}",6_3
19nh_232878010,19,"{0: 1, 1: -1, 2: 1, 3: -1, 4: 1}",5_1
19nh_232910884,19,"{0: 1, 1: -3, 2: 3, 3: -3, 4: 1}",6_2
19nh_232918320,19,"{0: 1, 1: -3, 2: 5, 3: -3, 4: 1}",6_3
19nh_233110885,19,"{0: 2, 1: -5, 2: 2}",6_1
19nh_233150583,19,"{0: 2, 1: -5, 2: 2}",6_1
19nh_233150584,19,"{0: 2, 1: -5, 2: 2}",6_1
19nh_233150585,19,"{0: 2, 1: -5, 2: 2}",6_1
19nh_233150586,19,"{0: 2, 1: -5, 2: 2}",6_1
19nh_233242759,19,"{0: 2, 1: -5, 2: 2}",6_1
19nh_233312177,19,"{0: 1, 1: -1, 2: 1, 3: -1, 4: 1}",5_1
19nh_233315965,19,"{0: 1, 1: -3, 2: 5, 3: -3, 4: 1}",6_3
19nh_233394608,19,"{0: 1, 1: -3, 2: 5, 3: -3, 4: 1}",6_3
19nh_233461166,19,"{0: 1, 1: -3, 2: 5, 3: -3, 4: 1}",6_3
19nh_233463593,19,"{0: 1, 1: -3, 2: 5, 3: -3, 4: 1}",6_3
19nh_233465544,19,"{0: 2, 1: -5, 2: 2}",6_1
19nh_233533106,19,"{0: 1, 1: -1, 2: 1, 3: -1, 4: 1}",5_1
19nh_233556768,19,"{0: 1, 1: -3, 2: 5, 3: -3, 4: 1}",6_3
19nh_233556770,19,"{0: 1, 1: -3, 2: 5, 3: -3, 4: 1}",6_3
19nh_233556772,19,"{0: 1, 1: -3, 2: 5, 3: -3, 4: 1}",6_3
19nh_233556769,19,"{0: 1, 1: -3, 2: 5, 3: -3, 4: 1}",6_3
19nh_233556773,19,"{0: 1, 1: -3, 2: 5, 3: -3, 4: 1}",6_3
19nh_233556774,19,"{0: 1, 1: -3, 2: 5, 3: -3, 4: 1}",6_3
19nh_233556771,19,"{0: 1, 1: -3, 2: 5, 3: -3, 4: 1}",6_3
19nh_233556775,19,"{0: 1, 1: -3, 2: 5, 3: -3, 4: 1}",6_3
19nh_233561002,19,"{0: 2, 1: -5, 2: 2}",6_1
19nh_233561003,19,"{0: 2, 1: -5, 2: 2}",6_1
19nh_233562660,19,"{0: 1, 1: -3, 2: 5, 3: -3, 4: 1}",6_3
19nh_233588887,19,"{0: 1, 1: -3, 2: 3, 3: -3, 4: 1}",6_2
19nh_233749970,19,"{0: 2, 1: -5, 2: 2}",6_1
19nh_233763087,19,"{0: 1, 1: -3, 2: 5, 3: -3, 4: 1}",6_3
19nh_233893365,19,"{0: 1, 1: -3, 2: 3, 3: -3, 4: 1}",6_2
19nh_233961182,19,"{0: 1, 1: -3, 2: 5, 3: -3, 4: 1}",6_3
19nh_233962876,19,"{0: 1, 1: -3, 2: 5, 3: -3, 4: 1}",6_3
19nh_234021467,19,"{0: 2, 1: -5, 2: 2}",6_1
19nh_234217514,19,"{0: 1, 1: -3, 2: 5, 3: -3, 4: 1}",6_3
19nh_234227109,19,"{0: 2, 1: -5, 2: 2}",6_1
19nh_234227111,19,"{0: 2, 1: -5, 2: 2}",6_1
19nh_234227110,19,"{0: 2, 1: -5, 2: 2}",6_1
19nh_234227112,19,"{0: 2, 1: -5, 2: 2}",6_1
19nh_234251070,19,"{0: 2, 1: -5, 2: 2}",6_1
19nh_234251069,19,"{0: 2, 1: -5, 2: 2}",6_1
19nh_234264791,19,"{0: 2, 1: -5, 2: 2}",6_1
19nh_234264792,19,"{0: 2, 1: -5, 2: 2}",6_1
19nh_234264793,19,"{0: 2, 1: -5, 2: 2}",6_1
19nh_234264794,19,"{0: 2, 1: -5, 2: 2}",6_1
19nh_234353208,19,"{0: 2, 1: -5, 2: 2}",6_1
19nh_234353207,19,"{0: 2, 1: -5, 2: 2}",6_1
19nh_234354897,19,"{0: 2, 1: -5, 2: 2}",6_1
19nh_234403530,19,"{0: 1, 1: -1, 2: 1, 3: -1, 4: 1}",5_1
19nh_234403882,19,"{0: 1, 1: -3, 2: 3, 3: -3, 4: 1}",6_2
19nh_234430163,19,"{0: 2, 1: -5, 2: 2}",6_1
19nh_234430164,19,"{0: 2, 1: -5, 2: 2}",6_1
19nh_234430165,19,"{0: 2, 1: -5, 2: 2}",6_1
19nh_234430162,19,"{0: 2, 1: -5, 2: 2}",6_1
19nh_234448758,19,"{0: 1, 1: -1, 2: 1, 3: -1, 4: 1}",5_1
19nh_234474651,19,"{0: 1, 1: -3, 2: 5, 3: -3, 4: 1}",6_3
19nh_234553511,19,"{0: 1, 1: -3, 2: 5, 3: -3, 4: 1}",6_3
19nh_234576077,19,"{0: 1, 1: -3, 2: 3, 3: -3, 4: 1}",6_2
19nh_234659608,19,"{0: 1, 1: -1, 2: 1, 3: -1, 4: 1}",5_1
19nh_234662971,19,"{0: 2, 1: -5, 2: 2}",6_1
19nh_234662972,19,"{0: 2, 1: -5, 2: 2}",6_1
19nh_234669715,19,"{0: 1, 1: -3, 2: 5, 3: -3, 4: 1}",6_3
19nh_234682634,19,"{0: 2, 1: -5, 2: 2}",6_1
19nh_234779490,19,"{0: 2, 1: -5, 2: 2}",6_1
19nh_234815541,19,"{0: 1, 1: -3, 2: 3, 3: -3, 4: 1}",6_2
19nh_234836605,19,"{0: 2, 1: -5, 2: 2}",6_1
19nh_234836604,19,"{0: 2, 1: -5, 2: 2}",6_1
19nh_234848616,19,"{0: 1, 1: -3, 2: 5, 3: -3, 4: 1}",6_3
19nh_234855108,19,"{0: 1, 1: -3, 2: 5, 3: -3, 4: 1}",6_3
19nh_234855109,19,"{0: 1, 1: -3, 2: 5, 3: -3, 4: 1}",6_3
19nh_234855107,19,"{0: 1, 1: -3, 2: 5, 3: -3, 4: 1}",6_3
19nh_234855110,19,"{0: 1, 1: -3, 2: 5, 3: -3, 4: 1}",6_3
19nh_234878010,19,"{0: 1, 1: -3, 2: 5, 3: -3, 4: 1}",6_3
19nh_234925310,19,"{0: 1, 1: -1, 2: 1, 3: -1, 4: 1}",5_1
19nh_234962647,19,"{0: 1, 1: -3, 2: 5, 3: -3, 4: 1}",6_3
19nh_235088903,19,"{0: 1, 1: -1, 2: 1, 3: -1, 4: 1}",5_1
19nh_235092139,19,"{0: 2, 1: -5, 2: 2}",6_1
19nh_235124460,19,"{0: 2, 1: -5, 2: 2}",6_1
19nh_235130249,19,"{0: 2, 1: -5, 2: 2}",6_1
19nh_235134826,19,"{0: 2, 1: -5, 2: 2}",6_1
19nh_235173606,19,"{0: 2, 1: -5, 2: 2}",6_1
19nh_235185363,19,"{0: 1, 1: -3, 2: 3, 3: -3, 4: 1}",6_2
19nh_235308407,19,"{0: 1, 1: -3, 2: 3, 3: -3, 4: 1}",6_2
19nh_235336412,19,"{0: 2, 1: -5, 2: 2}",6_1
19nh_235336413,19,"{0: 2, 1: -5, 2: 2}",6_1
19nh_235423284,19,"{0: 1, 1: -3, 2: 5, 3: -3, 4: 1}",6_3
19nh_235461871,19,"{0: 1, 1: -3, 2: 3, 3: -3, 4: 1}",6_2
19nh_235507728,19,"{0: 1, 1: -3, 2: 5, 3: -3, 4: 1}",6_3
19nh_235569386,19,"{0: 1, 1: -3, 2: 5, 3: -3, 4: 1}",6_3
19nh_235603529,19,"{0: 1, 1: -3, 2: 3, 3: -3, 4: 1}",6_2
19nh_235603527,19,"{0: 1, 1: -3, 2: 3, 3: -3, 4: 1}",6_2
19nh_235603528,19,"{0: 1, 1: -3, 2: 3, 3: -3, 4: 1}",6_2
19nh_235603530,19,"{0: 1, 1: -3, 2: 3, 3: -3, 4: 1}",6_2
19nh_235611388,19,"{0: 1, 1: -1, 2: 1, 3: -1, 4: 1}",5_1
19nh_235611389,19,"{0: 1, 1: -1, 2: 1, 3: -1, 4: 1}",5_1
19nh_235611387,19,"{0: 1, 1: -1, 2: 1, 3: -1, 4: 1}",5_1
19nh_235611390,19,"{0: 1, 1: -1, 2: 1, 3: -1, 4: 1}",5_1
19nh_235694494,19,"{0: 2, 1: -5, 2: 2}",6_1
19nh_235805022,19,"{0: 1, 1: -3, 2: 3, 3: -3, 4: 1}",6_2
19nh_235920989,19,"{0: 1, 1: -1, 2: 1, 3: -1, 4: 1}",5_1
19nh_235920990,19,"{0: 1, 1: -1, 2: 1, 3: -1, 4: 1}",5_1
19nh_235955647,19,"{0: 1, 1: -3, 2: 5, 3: -3, 4: 1}",6_3
19nh_235997923,19,"{0: 1, 1: -3, 2: 5, 3: -3, 4: 1}",6_3
19nh_236018585,19,"{0: 1, 1: -1, 2: 1, 3: -1, 4: 1}",5_1
19nh_236026285,19,"{0: 2, 1: -5, 2: 2}",6_1
19nh_236026284,19,"{0: 2, 1: -5, 2: 2}",6_1
19nh_236031017,19,"{0: 1, 1: -3, 2: 5, 3: -3, 4: 1}",6_3
19nh_236042055,19,"{0: 2, 1: -5, 2: 2}",6_1
19nh_236042057,19,"{0: 2, 1: -5, 2: 2}",6_1
19nh_236042056,19,"{0: 2, 1: -5, 2: 2}",6_1
19nh_236042058,19,"{0: 2, 1: -5, 2: 2}",6_1
19nh_236083084,19,"{0: 2, 1: -5, 2: 2}",6_1
19nh_236269236,19,"{0: 2, 1: -5, 2: 2}",6_1
19nh_236269237,19,"{0: 2, 1: -5, 2: 2}",6_1
19nh_236298973,19,"{0: 1, 1: -3, 2: 5, 3: -3, 4: 1}",6_3
19nh_236298974,19,"{0: 1, 1: -3, 2: 5, 3: -3, 4: 1}",6_3
19nh_236298975,19,"{0: 1, 1: -3, 2: 5, 3: -3, 4: 1}",6_3
19nh_236298976,19,"{0: 1, 1: -3, 2: 5, 3: -3, 4: 1}",6_3
19nh_236349914,19,"{0: 2, 1: -5, 2: 2}",6_1
19nh_236442746,19,"{0: 1, 1: -3, 2: 3, 3: -3, 4: 1}",6_2
19nh_236465626,19,"{0: 2, 1: -5, 2: 2}",6_1
19nh_236527717,19,"{0: 1, 1: -3, 2: 3, 3: -3, 4: 1}",6_2
19nh_236567725,19,"{0: 1, 1: -3, 2: 5, 3: -3, 4: 1}",6_3
19nh_236595902,19,"{0: 1, 1: -3, 2: 3, 3: -3, 4: 1}",6_2
19nh_236633107,19,"{0: 1, 1: -3, 2: 5, 3: -3, 4: 1}",6_3
19nh_236633106,19,"{0: 1, 1: -3, 2: 5, 3: -3, 4: 1}",6_3
19nh_236633108,19,"{0: 1, 1: -3, 2: 5, 3: -3, 4: 1}",6_3
19nh_236633109,19,"{0: 1, 1: -3, 2: 5, 3: -3, 4: 1}",6_3
19nh_236915077,19,"{0: 2, 1: -5, 2: 2}",6_1
19nh_236915076,19,"{0: 2, 1: -5, 2: 2}",6_1
19nh_236956570,19,"{0: 2, 1: -5, 2: 2}",6_1
19nh_237023529,19,"{0: 1, 1: -3, 2: 3, 3: -3, 4: 1}",6_2
19nh_237046437,19,"{0: 2, 1: -5, 2: 2}",6_1
19nh_237046438,19,"{0: 2, 1: -5, 2: 2}",6_1
19nh_237074587,19,"{0: 2, 1: -5, 2: 2}",6_1
19nh_237319394,19,"{0: 1, 1: -3, 2: 5, 3: -3, 4: 1}",6_3
19nh_237356361,19,"{0: 1, 1: -3, 2: 5, 3: -3, 4: 1}",6_3
19nh_237375632,19,"{0: 1, 1: -3, 2: 5, 3: -3, 4: 1}",6_3
19nh_237461265,19,"{0: 2, 1: -5, 2: 2}",6_1
19nh_237588872,19,"{0: 1, 1: -1, 2: 1, 3: -1, 4: 1}",5_1
19nh_237593542,19,"{0: 2, 1: -5, 2: 2}",6_1
19nh_237720944,19,"{0: 2, 1: -5, 2: 2}",6_1
19nh_237721203,19,"{0: 2, 1: -5, 2: 2}",6_1
19nh_237733400,19,"{0: 2, 1: -5, 2: 2}",6_1
19nh_237733401,19,"{0: 2, 1: -5, 2: 2}",6_1
19nh_237733791,19,"{0: 1, 1: -3, 2: 5, 3: -3, 4: 1}",6_3
19nh_237733794,19,"{0: 1, 1: -3, 2: 5, 3: -3, 4: 1}",6_3
19nh_237733792,19,"{0: 1, 1: -3, 2: 5, 3: -3, 4: 1}",6_3
19nh_237733793,19,"{0: 1, 1: -3, 2: 5, 3: -3, 4: 1}",6_3
19nh_237807744,19,"{0: 1, 1: -3, 2: 3, 3: -3, 4: 1}",6_2
19nh_237807745,19,"{0: 1, 1: -3, 2: 3, 3: -3, 4: 1}",6_2
19nh_237807743,19,"{0: 1, 1: -3, 2: 3, 3: -3, 4: 1}",6_2
19nh_237807746,19,"{0: 1, 1: -3, 2: 3, 3: -3, 4: 1}",6_2
19nh_237830871,19,"{0: 2, 1: -5, 2: 2}",6_1
19nh_237830872,19,"{0: 2, 1: -5, 2: 2}",6_1
19nh_237962492,19,"{0: 1, 1: -3, 2: 5, 3: -3, 4: 1}",6_3
19nh_237962494,19,"{0: 1, 1: -3, 2: 5, 3: -3, 4: 1}",6_3
19nh_237962493,19,"{0: 1, 1: -3, 2: 5, 3: -3, 4: 1}",6_3
19nh_237962495,19,"{0: 1, 1: -3, 2: 5, 3: -3, 4: 1}",6_3
19nh_237965486,19,"{0: 2, 1: -5, 2: 2}",6_1
19nh_237965485,19,"{0: 2, 1: -5, 2: 2}",6_1
19nh_238019149,19,"{0: 2, 1: -5, 2: 2}",6_1
19nh_238023043,19,"{0: 1, 1: -3, 2: 5, 3: -3, 4: 1}",6_3
19nh_238097076,19,"{0: 1, 1: -3, 2: 3, 3: -3, 4: 1}",6_2
19nh_238097078,19,"{0: 1, 1: -3, 2: 3, 3: -3, 4: 1}",6_2
19nh_238097077,19,"{0: 1, 1: -3, 2: 3, 3: -3, 4: 1}",6_2
19nh_238097079,19,"{0: 1, 1: -3, 2: 3, 3: -3, 4: 1}",6_2
19nh_238110243,19,"{0: 1, 1: -3, 2: 5, 3: -3, 4: 1}",6_3
19nh_238110244,19,"{0: 1, 1: -3, 2: 5, 3: -3, 4: 1}",6_3
19nh_238110245,19,"{0: 1, 1: -3, 2: 5, 3: -3, 4: 1}",6_3
19nh_238110246,19,"{0: 1, 1: -3, 2: 5, 3: -3, 4: 1}",6_3
19nh_238123296,19,"{0: 1, 1: -3, 2: 3, 3: -3, 4: 1}",6_2
19nh_238132435,19,"{0: 2, 1: -5, 2: 2}",6_1
19nh_238132437,19,"{0: 2, 1: -5, 2: 2}",6_1
19nh_238132438,19,"{0: 2, 1: -5, 2: 2}",6_1
19nh_238132436,19,"{0: 2, 1: -5, 2: 2}",6_1
19nh_238226861,19,"{0: 1, 1: -3, 2: 3, 3: -3, 4: 1}",6_2
19nh_238389276,19,"{0: 2, 1: -5, 2: 2}",6_1
19nh_238389275,19,"{0: 2, 1: -5, 2: 2}",6_1
19nh_238414552,19,"{0: 2, 1: -5, 2: 2}",6_1
19nh_238414553,19,"{0: 2, 1: -5, 2: 2}",6_1
19nh_238415706,19,"{0: 2, 1: -5, 2: 2}",6_1
19nh_238415707,19,"{0: 2, 1: -5, 2: 2}",6_1
19nh_238439575,19,"{0: 1, 1: -3, 2: 3, 3: -3, 4: 1}",6_2
19nh_238439576,19,"{0: 1, 1: -3, 2: 3, 3: -3, 4: 1}",6_2
19nh_238439577,19,"{0: 1, 1: -3, 2: 3, 3: -3, 4: 1}",6_2
19nh_238439578,19,"{0: 1, 1: -3, 2: 3, 3: -3, 4: 1}",6_2
19nh_238441837,19,"{0: 2, 1: -5, 2: 2}",6_1
19nh_238522545,19,"{0: 1, 1: -3, 2: 5, 3: -3, 4: 1}",6_3
19nh_238522546,19,"{0: 1, 1: -3, 2: 5, 3: -3, 4: 1}",6_3
19nh_238605320,19,"{0: 2, 1: -5, 2: 2}",6_1
19nh_238659114,19,"{0: 2, 1: -5, 2: 2}",6_1
19nh_238707410,19,"{0: 1, 1: -3, 2: 3, 3: -3, 4: 1}",6_2
19nh_238722372,19,"{0: 1, 1: -3, 2: 3, 3: -3, 4: 1}",6_2
19nh_238861838,19,"{0: 1, 1: -3, 2: 3, 3: -3, 4: 1}",6_2
19nh_238870368,19,"{0: 1, 1: -3, 2: 5, 3: -3, 4: 1}",6_3
19nh_238870369,19,"{0: 1, 1: -3, 2: 5, 3: -3, 4: 1}",6_3
19nh_238870370,19,"{0: 1, 1: -3, 2: 5, 3: -3, 4: 1}",6_3
19nh_238870371,19,"{0: 1, 1: -3, 2: 5, 3: -3, 4: 1}",6_3
19nh_238979099,19,"{0: 1, 1: -3, 2: 3, 3: -3, 4: 1}",6_2
19nh_238979100,19,"{0: 1, 1: -3, 2: 3, 3: -3, 4: 1}",6_2
19nh_238979102,19,"{0: 1, 1: -3, 2: 3, 3: -3, 4: 1}",6_2
19nh_238979101,19,"{0: 1, 1: -3, 2: 3, 3: -3, 4: 1}",6_2
19nh_238990280,19,"{0: 1, 1: -3, 2: 5, 3: -3, 4: 1}",6_3
19nh_239039506,19,"{0: 1, 1: -3, 2: 5, 3: -3, 4: 1}",6_3
19nh_239039505,19,"{0: 1, 1: -3, 2: 5, 3: -3, 4: 1}",6_3
19nh_239052387,19,"{0: 2, 1: -5, 2: 2}",6_1
19nh_239052388,19,"{0: 2, 1: -5, 2: 2}",6_1
19nh_239053063,19,"{0: 1, 1: -3, 2: 3, 3: -3, 4: 1}",6_2
19nh_239053064,19,"{0: 1, 1: -3, 2: 3, 3: -3, 4: 1}",6_2
19nh_239087487,19,"{0: 2, 1: -5, 2: 2}",6_1
19nh_239117277,19,"{0: 2, 1: -5, 2: 2}",6_1
19nh_239126896,19,"{0: 2, 1: -5, 2: 2}",6_1
19nh_239126895,19,"{0: 2, 1: -5, 2: 2}",6_1
19nh_239136675,19,"{0: 1, 1: -1, 2: 1, 3: -1, 4: 1}",5_1
19nh_239265353,19,"{0: 1, 1: -3, 2: 3, 3: -3, 4: 1}",6_2
19nh_239265354,19,"{0: 1, 1: -3, 2: 3, 3: -3, 4: 1}",6_2
19nh_239329676,19,"{0: 1, 1: -3, 2: 3, 3: -3, 4: 1}",6_2
19nh_239329677,19,"{0: 1, 1: -3, 2: 3, 3: -3, 4: 1}",6_2
19nh_239329679,19,"{0: 1, 1: -3, 2: 3, 3: -3, 4: 1}",6_2
19nh_239329678,19,"{0: 1, 1: -3, 2: 3, 3: -3, 4: 1}",6_2
19nh_239509445,19,"{0: 1, 1: -3, 2: 5, 3: -3, 4: 1}",6_3
19nh_239526603,19,"{0: 1, 1: -3, 2: 3, 3: -3, 4: 1}",6_2
19nh_239534713,19,"{0: 1, 1: -3, 2: 5, 3: -3, 4: 1}",6_3
19nh_239540048,19,"{0: 1, 1: -3, 2: 5, 3: -3, 4: 1}",6_3
19nh_239540047,19,"{0: 1, 1: -3, 2: 5, 3: -3, 4: 1}",6_3
19nh_239618344,19,"{0: 1, 1: -3, 2: 5, 3: -3, 4: 1}",6_3
19nh_239744372,19,"{0: 2, 1: -5, 2: 2}",6_1
19nh_239767973,19,"{0: 1, 1: -3, 2: 5, 3: -3, 4: 1}",6_3
19nh_239890039,19,"{0: 2, 1: -5, 2: 2}",6_1
19nh_240031166,19,"{0: 2, 1: -5, 2: 2}",6_1
19nh_240070113,19,"{0: 1, 1: -3, 2: 5, 3: -3, 4: 1}",6_3
19nh_240156232,19,"{0: 1, 1: -3, 2: 5, 3: -3, 4: 1}",6_3
19nh_240170885,19,"{0: 1, 1: -3, 2: 5, 3: -3, 4: 1}",6_3
19nh_240201435,19,"{0: 2, 1: -5, 2: 2}",6_1
19nh_240214909,19,"{0: 1, 1: -3, 2: 5, 3: -3, 4: 1}",6_3
19nh_240251572,19,"{0: 1, 1: -3, 2: 3, 3: -3, 4: 1}",6_2
19nh_240251573,19,"{0: 1, 1: -3, 2: 3, 3: -3, 4: 1}",6_2
19nh_240394430,19,"{0: 2, 1: -5, 2: 2}",6_1
19nh_240402829,19,"{0: 1, 1: -1, 2: 1, 3: -1, 4: 1}",5_1
19nh_240402830,19,"{0: 1, 1: -1, 2: 1, 3: -1, 4: 1}",5_1
19nh_240402831,19,"{0: 1, 1: -1, 2: 1, 3: -1, 4: 1}",5_1
19nh_240402832,19,"{0: 1, 1: -1, 2: 1, 3: -1, 4: 1}",5_1
19nh_240434280,19,"{0: 1, 1: -3, 2: 3, 3: -3, 4: 1}",6_2
19nh_240434281,19,"{0: 1, 1: -3, 2: 3, 3: -3, 4: 1}",6_2
19nh_240434282,19,"{0: 1, 1: -3, 2: 3, 3: -3, 4: 1}",6_2
19nh_240434283,19,"{0: 1, 1: -3, 2: 3, 3: -3, 4: 1}",6_2
19nh_240504721,19,"{0: 2, 1: -5, 2: 2}",6_1
19nh_240504723,19,"{0: 2, 1: -5, 2: 2}",6_1
19nh_240504722,19,"{0: 2, 1: -5, 2: 2}",6_1
19nh_240504724,19,"{0: 2, 1: -5, 2: 2}",6_1
19nh_240526364,19,"{0: 2, 1: -5, 2: 2}",6_1
19nh_240526365,19,"{0: 2, 1: -5, 2: 2}",6_1
19nh_240532738,19,"{0: 1, 1: -3, 2: 3, 3: -3, 4: 1}",6_2
19nh_240589853,19,"{0: 2, 1: -5, 2: 2}",6_1
19nh_240683154,19,"{0: 2, 1: -5, 2: 2}",6_1
19nh_240728891,19,"{0: 2, 1: -5, 2: 2}",6_1
19nh_240791219,19,"{0: 2, 1: -5, 2: 2}",6_1
19nh_240791221,19,"{0: 2, 1: -5, 2: 2}",6_1
19nh_240791220,19,"{0: 2, 1: -5, 2: 2}",6_1
19nh_240791222,19,"{0: 2, 1: -5, 2: 2}",6_1
19nh_240800324,19,"{0: 1, 1: -3, 2: 5, 3: -3, 4: 1}",6_3
19nh_240872388,19,"{0: 1, 1: -3, 2: 5, 3: -3, 4: 1}",6_3
19nh_240905475,19,"{0: 1, 1: -3, 2: 5, 3: -3, 4: 1}",6_3
19nh_240923989,19,"{0: 1, 1: -3, 2: 5, 3: -3, 4: 1}",6_3
19nh_240930378,19,"{0: 1, 1: -3, 2: 3, 3: -3, 4: 1}",6_2
19nh_240990757,19,"{0: 1, 1: -3, 2: 5, 3: -3, 4: 1}",6_3
19nh_241035182,19,"{0: 1, 1: -3, 2: 3, 3: -3, 4: 1}",6_2
19nh_241277251,19,"{0: 2, 1: -5, 2: 2}",6_1
19nh_241277252,19,"{0: 2, 1: -5, 2: 2}",6_1
19nh_241277253,19,"{0: 2, 1: -5, 2: 2}",6_1
19nh_241277254,19,"{0: 2, 1: -5, 2: 2}",6_1
19nh_241582807,19,"{0: 2, 1: -5, 2: 2}",6_1
19nh_241582808,19,"{0: 2, 1: -5, 2: 2}",6_1
19nh_241795777,19,"{0: 1, 1: -3, 2: 5, 3: -3, 4: 1}",6_3
19nh_241845282,19,"{0: 1, 1: -3, 2: 5, 3: -3, 4: 1}",6_3
19nh_241846035,19,"{0: 1, 1: -3, 2: 5, 3: -3, 4: 1}",6_3
19nh_241937005,19,"{0: 1, 1: -3, 2: 5, 3: -3, 4: 1}",6_3
19nh_241966808,19,"{0: 2, 1: -5, 2: 2}",6_1
19nh_242125273,19,"{0: 1, 1: -3, 2: 3, 3: -3, 4: 1}",6_2
19nh_242155945,19,"{0: 1, 1: -3, 2: 5, 3: -3, 4: 1}",6_3
19nh_242155946,19,"{0: 1, 1: -3, 2: 5, 3: -3, 4: 1}",6_3
19nh_242288284,19,"{0: 1, 1: -3, 2: 5, 3: -3, 4: 1}",6_3
19nh_242357448,19,"{0: 2, 1: -5, 2: 2}",6_1
19nh_242666550,19,"{0: 2, 1: -5, 2: 2}",6_1
19nh_242837692,19,"{0: 2, 1: -5, 2: 2}",6_1
19nh_242867613,19,"{0: 2, 1: -5, 2: 2}",6_1
19nh_242876029,19,"{0: 2, 1: -5, 2: 2}",6_1
19nh_242876028,19,"{0: 2, 1: -5, 2: 2}",6_1
19nh_242901188,19,"{0: 2, 1: -5, 2: 2}",6_1
19nh_242929606,19,"{0: 2, 1: -5, 2: 2}",6_1
19nh_242930449,19,"{0: 2, 1: -5, 2: 2}",6_1
19nh_242930450,19,"{0: 2, 1: -5, 2: 2}",6_1
19nh_243058957,19,"{0: 2, 1: -5, 2: 2}",6_1
19nh_243082398,19,"{0: 2, 1: -5, 2: 2}",6_1
19nh_243294930,19,"{0: 2, 1: -5, 2: 2}",6_1
19nh_243305451,19,"{0: 1, 1: -3, 2: 3, 3: -3, 4: 1}",6_2
19nh_243386961,19,"{0: 1, 1: -3, 2: 5, 3: -3, 4: 1}",6_3
19nh_243386963,19,"{0: 1, 1: -3, 2: 5, 3: -3, 4: 1}",6_3
19nh_243386962,19,"{0: 1, 1: -3, 2: 5, 3: -3, 4: 1}",6_3
19nh_243386964,19,"{0: 1, 1: -3, 2: 5, 3: -3, 4: 1}",6_3
19nh_243619488,19,"{0: 2, 1: -5, 2: 2}",6_1
19nh_243762707,19,"{0: 1, 1: -3, 2: 3, 3: -3, 4: 1}",6_2
19nh_243762706,19,"{0: 1, 1: -3, 2: 3, 3: -3, 4: 1}",6_2
19nh_243762705,19,"{0: 1, 1: -3, 2: 3, 3: -3, 4: 1}",6_2
19nh_243762708,19,"{0: 1, 1: -3, 2: 3, 3: -3, 4: 1}",6_2
19nh_243815776,19,"{0: 1, 1: -1, 2: 1, 3: -1, 4: 1}",5_1
19nh_243815777,19,"{0: 1, 1: -1, 2: 1, 3: -1, 4: 1}",5_1
19nh_244071317,19,"{0: 1, 1: -3, 2: 5, 3: -3, 4: 1}",6_3
19nh_244071320,19,"{0: 1, 1: -3, 2: 5, 3: -3, 4: 1}",6_3
19nh_244071318,19,"{0: 1, 1: -3, 2: 5, 3: -3, 4: 1}",6_3
19nh_244071319,19,"{0: 1, 1: -3, 2: 5, 3: -3, 4: 1}",6_3
19nh_244072996,19,"{0: 2, 1: -5, 2: 2}",6_1
19nh_244072997,19,"{0: 2, 1: -5, 2: 2}",6_1
19nh_244094808,19,"{0: 2, 1: -5, 2: 2}",6_1
19nh_244459123,19,"{0: 2, 1: -5, 2: 2}",6_1
19nh_244459124,19,"{0: 2, 1: -5, 2: 2}",6_1
19nh_244459125,19,"{0: 2, 1: -5, 2: 2}",6_1
19nh_244459126,19,"{0: 2, 1: -5, 2: 2}",6_1
19nh_244685274,19,"{0: 2, 1: -5, 2: 2}",6_1
19nh_244685273,19,"{0: 2, 1: -5, 2: 2}",6_1
19nh_244822776,19,"{0: 1, 1: -3, 2: 5, 3: -3, 4: 1}",6_3
19nh_244852929,19,"{0: 1, 1: -3, 2: 5, 3: -3, 4: 1}",6_3
19nh_244853036,19,"{0: 1, 1: -3, 2: 3, 3: -3, 4: 1}",6_2
19nh_244861101,19,"{0: 2, 1: -5, 2: 2}",6_1
19nh_245065405,19,"{0: 1, 1: -3, 2: 5, 3: -3, 4: 1}",6_3
19nh_245225639,19,"{0: 2, 1: -5, 2: 2}",6_1
19nh_245225638,19,"{0: 2, 1: -5, 2: 2}",6_1
19nh_245225641,19,"{0: 2, 1: -5, 2: 2}",6_1
19nh_245225637,19,"{0: 2, 1: -5, 2: 2}",6_1
19nh_245225640,19,"{0: 2, 1: -5, 2: 2}",6_1
19nh_245225642,19,"{0: 2, 1: -5, 2: 2}",6_1
19nh_245225644,19,"{0: 2, 1: -5, 2: 2}",6_1
19nh_245225643,19,"{0: 2, 1: -5, 2: 2}",6_1
19nh_245281158,19,"{0: 1, 1: -3, 2: 5, 3: -3, 4: 1}",6_3
19nh_245427653,19,"{0: 2, 1: -5, 2: 2}",6_1
19nh_245489812,19,"{0: 2, 1: -5, 2: 2}",6_1
19nh_245630661,19,"{0: 1, 1: -1, 2: 1, 3: -1, 4: 1}",5_1
19nh_245630662,19,"{0: 1, 1: -1, 2: 1, 3: -1, 4: 1}",5_1
19nh_245630660,19,"{0: 1, 1: -1, 2: 1, 3: -1, 4: 1}",5_1
19nh_245630663,19,"{0: 1, 1: -1, 2: 1, 3: -1, 4: 1}",5_1
19nh_245730601,19,"{0: 1, 1: -3, 2: 3, 3: -3, 4: 1}",6_2
19nh_245767507,19,"{0: 1, 1: -3, 2: 5, 3: -3, 4: 1}",6_3
19nh_245967594,19,"{0: 2, 1: -5, 2: 2}",6_1
19nh_245967597,19,"{0: 2, 1: -5, 2: 2}",6_1
19nh_245967596,19,"{0: 2, 1: -5, 2: 2}",6_1
19nh_245967595,19,"{0: 2, 1: -5, 2: 2}",6_1
19nh_246113852,19,"{0: 1, 1: -3, 2: 3, 3: -3, 4: 1}",6_2
19nh_246186909,19,"{0: 1, 1: -3, 2: 3, 3: -3, 4: 1}",6_2
19nh_246286246,19,"{0: 2, 1: -5, 2: 2}",6_1
19nh_246286247,19,"{0: 2, 1: -5, 2: 2}",6_1
19nh_246361200,19,"{0: 1, 1: -1, 2: 1, 3: -1, 4: 1}",5_1
19nh_246447131,19,"{0: 2, 1: -5, 2: 2}",6_1
19nh_246517777,19,"{0: 2, 1: -5, 2: 2}",6_1
19nh_246517780,19,"{0: 2, 1: -5, 2: 2}",6_1
19nh_246517778,19,"{0: 2, 1: -5, 2: 2}",6_1
19nh_246517779,19,"{0: 2, 1: -5, 2: 2}",6_1
19nh_246559224,19,"{0: 1, 1: -3, 2: 5, 3: -3, 4: 1}",6_3
19nh_246629418,19,"{0: 2, 1: -5, 2: 2}",6_1
19nh_246885623,19,"{0: 2, 1: -5, 2: 2}",6_1
19nh_247161850,19,"{0: 2, 1: -5, 2: 2}",6_1
19nh_247161853,19,"{0: 2, 1: -5, 2: 2}",6_1
19nh_247161851,19,"{0: 2, 1: -5, 2: 2}",6_1
19nh_247161852,19,"{0: 2, 1: -5, 2: 2}",6_1
19nh_247219676,19,"{0: 2, 1: -5, 2: 2}",6_1
19nh_247419991,19,"{0: 1, 1: -3, 2: 5, 3: -3, 4: 1}",6_3
19nh_247419993,19,"{0: 1, 1: -3, 2: 5, 3: -3, 4: 1}",6_3
19nh_247419992,19,"{0: 1, 1: -3, 2: 5, 3: -3, 4: 1}",6_3
19nh_247419990,19,"{0: 1, 1: -3, 2: 5, 3: -3, 4: 1}",6_3
19nh_247442731,19,"{0: 2, 1: -5, 2: 2}",6_1
19nh_247442733,19,"{0: 2, 1: -5, 2: 2}",6_1
19nh_247442734,19,"{0: 2, 1: -5, 2: 2}",6_1
19nh_247442732,19,"{0: 2, 1: -5, 2: 2}",6_1
19nh_247457498,19,"{0: 1, 1: -1, 2: 1, 3: -1, 4: 1}",5_1
19nh_247755867,19,"{0: 1, 1: -3, 2: 5, 3: -3, 4: 1}",6_3
19nh_247965131,19,"{0: 1, 1: -3, 2: 5, 3: -3, 4: 1}",6_3
19nh_248157930,19,"{0: 2, 1: -5, 2: 2}",6_1
19nh_248290173,19,"{0: 2, 1: -5, 2: 2}",6_1
19nh_248290174,19,"{0: 2, 1: -5, 2: 2}",6_1
19nh_248290176,19,"{0: 2, 1: -5, 2: 2}",6_1
19nh_248290175,19,"{0: 2, 1: -5, 2: 2}",6_1
19nh_248551525,19,"{0: 1, 1: -3, 2: 3, 3: -3, 4: 1}",6_2
19nh_248719647,19,"{0: 1, 1: -3, 2: 5, 3: -3, 4: 1}",6_3
19nh_249322935,19,"{0: 2, 1: -5, 2: 2}",6_1
19nh_249322934,19,"{0: 2, 1: -5, 2: 2}",6_1
19nh_249322937,19,"{0: 2, 1: -5, 2: 2}",6_1
19nh_249322936,19,"{0: 2, 1: -5, 2: 2}",6_1
19nh_249556168,19,"{0: 2, 1: -5, 2: 2}",6_1
19nh_249556169,19,"{0: 2, 1: -5, 2: 2}",6_1
19nh_249556170,19,"{0: 2, 1: -5, 2: 2}",6_1
19nh_249556171,19,"{0: 2, 1: -5, 2: 2}",6_1
19nh_249832710,19,"{0: 1, 1: -3, 2: 3, 3: -3, 4: 1}",6_2
19nh_249951044,19,"{0: 1, 1: -3, 2: 3, 3: -3, 4: 1}",6_2
19nh_249951041,19,"{0: 1, 1: -3, 2: 3, 3: -3, 4: 1}",6_2
19nh_249951043,19,"{0: 1, 1: -3, 2: 3, 3: -3, 4: 1}",6_2
19nh_249951042,19,"{0: 1, 1: -3, 2: 3, 3: -3, 4: 1}",6_2
19nh_250167394,19,"{0: 1, 1: -3, 2: 5, 3: -3, 4: 1}",6_3
19nh_250275217,19,"{0: 1, 1: -3, 2: 5, 3: -3, 4: 1}",6_3
19nh_250280204,19,"{0: 1, 1: -3, 2: 3, 3: -3, 4: 1}",6_2
19nh_250280203,19,"{0: 1, 1: -3, 2: 3, 3: -3, 4: 1}",6_2
19nh_250280205,19,"{0: 1, 1: -3, 2: 3, 3: -3, 4: 1}",6_2
19nh_250280206,19,"{0: 1, 1: -3, 2: 3, 3: -3, 4: 1}",6_2
19nh_251044953,19,"{0: 2, 1: -5, 2: 2}",6_1
19nh_251044954,19,"{0: 2, 1: -5, 2: 2}",6_1
19nh_251224869,19,"{0: 2, 1: -5, 2: 2}",6_1
19nh_251224867,19,"{0: 2, 1: -5, 2: 2}",6_1
19nh_251224870,19,"{0: 2, 1: -5, 2: 2}",6_1
19nh_251224868,19,"{0: 2, 1: -5, 2: 2}",6_1
